wgs_id,BIN1_rs10194375,TMEM106B_rs1054169,AP4E1.SPPL2A_rs12595082,EPHA1_rs12703524,SPI1_rs1377416,PILRA_rs1859788,MAPT.KANSL1_rs2471738,SHARPIN_rs34674752,ABCA7_rs3752246,ABCA7_rs3764650,ADAMTS4_rs4575098,CD2AP_rs4715019,OAS1_rs4766676,IL34_rs4985556,SCIMP_rs61481506,BIN1_rs6733839,PTK2B_rs73223431,HLA.DRB1_rs9271192,CLU_rs9331888,KLOTHO_rs9527025,APOE_e4
1000,1,1,0,0,1,0,0,0,2,0,1,0,0,0,0,1,0,1,0,0,1
1005,1,1,0,1,1,2,0,0,2,0,1,1,2,2,0,1,2,2,0,0,1
1010,0,1,1,1,1,2,0,0,2,0,0,1,2,0,0,2,0,0,1,1,1
1015,0,0,1,0,0,1,0,0,2,0,0,1,2,0,0,2,2,1,0,2,1
1019,1,2,0,1,0,2,1,0,2,0,1,0,1,1,0,2,2,2,1,0,1
1027,1,1,0,1,2,2,0,0,1,0,0,0,1,0,0,1,1,1,0,0,1
1029,0,2,1,0,0,1,1,0,2,0,0,1,0,1,0,0,1,1,1,0,1
1034,1,0,1,1,1,2,2,0,2,0,1,0,1,0,0,2,0,1,1,0,1
1036,0,2,0,1,0,1,2,1,2,0,0,1,1,1,0,0,1,2,0,0,1
1045,0,0,0,1,1,2,1,0,2,0,0,0,1,0,0,0,1,2,1,0,1
1046,1,1,0,0,1,1,0,0,2,0,1,1,0,0,0,2,2,1,1,1,1
1047,1,1,0,1,2,2,1,0,2,0,1,0,2,0,0,1,2,2,1,0,1
1052,1,2,1,0,0,2,1,0,1,0,1,0,1,0,0,1,0,2,1,1,1
1058,1,2,0,0,0,2,0,0,2,0,2,1,1,0,0,0,1,2,1,0,1
1059,0,1,0,1,0,2,1,0,2,0,1,2,1,1,1,0,1,2,0,1,1
1078,1,0,1,2,1,2,1,0,2,0,0,0,1,0,1,2,1,2,1,1,1
1085,2,2,0,2,2,0,1,0,1,1,1,1,0,0,1,2,1,1,0,0,1
1089,1,1,0,1,1,1,0,0,2,0,1,0,2,1,1,1,1,1,1,0,2
1098,0,2,0,1,1,2,0,0,2,1,1,0,1,0,0,1,1,1,1,0,1
1103,1,1,0,1,2,1,0,1,2,0,1,0,2,1,0,1,2,1,0,0,1
1104,0,2,1,0,0,2,0,0,2,0,0,1,2,0,0,0,1,2,2,0,1
1105,1,2,0,1,1,1,1,0,2,0,1,0,1,1,0,0,1,2,0,0,1
1114,1,1,1,2,1,1,0,0,2,0,1,0,2,0,0,1,0,1,0,1,1
1119,1,1,0,1,0,2,0,0,0,1,0,2,2,0,0,1,0,2,0,0,1
1121,0,2,0,0,2,1,0,0,2,0,0,1,2,0,1,1,1,2,0,0,2
1123,1,1,1,1,0,2,0,0,2,0,0,0,2,0,0,0,0,1,1,0,1
11241,0,1,1,1,0,2,1,0,2,0,0,1,2,0,0,0,1,1,2,1,1
11249,0,0,0,0,1,2,1,0,1,0,0,2,0,0,0,0,0,2,0,0,1
11253,2,2,1,0,1,2,0,0,2,0,1,0,2,1,0,2,0,2,0,0,1
11254,0,1,1,1,1,1,0,1,2,0,0,1,1,0,0,0,1,2,1,0,1
11255,0,1,1,1,1,2,0,0,1,1,0,1,1,0,0,0,0,2,0,1,1
11258,1,2,0,0,0,1,0,0,1,2,0,1,1,0,0,1,2,1,0,0,1
11259,1,2,0,1,1,1,1,0,2,0,0,1,1,0,0,1,1,1,0,0,1
11263,2,1,1,1,1,2,0,0,1,0,0,1,1,1,0,2,1,1,0,0,1
11264,2,1,0,0,1,2,0,0,1,0,0,0,1,0,0,2,2,2,0,0,1
11265,2,0,1,1,1,2,2,0,1,0,0,2,0,0,0,1,1,2,0,0,1
11266,2,1,1,1,1,0,0,0,1,1,1,0,2,1,0,2,2,2,1,0,1
11267,0,1,0,2,1,2,2,0,2,0,0,0,2,1,0,0,0,1,1,0,1
11271,1,2,1,2,1,2,0,0,2,0,0,1,1,0,0,1,2,2,1,1,1
11275,0,0,1,1,1,2,0,0,2,0,1,1,1,0,0,0,1,2,0,0,1
11276,2,0,0,0,2,2,1,1,2,1,1,1,1,0,1,2,2,1,1,0,1
11279,1,2,0,1,0,0,1,1,2,0,1,1,1,1,0,1,1,2,0,0,1
11281,0,1,0,2,1,2,2,0,2,0,1,1,2,0,1,0,0,0,0,0,1
11285,1,0,0,1,0,1,1,0,2,0,0,0,1,0,0,1,1,0,1,1,1
11287,1,1,0,1,2,1,1,0,2,0,0,1,2,0,0,2,1,1,1,0,1
11288,1,1,0,0,0,1,0,0,1,1,2,1,1,0,1,0,2,2,0,0,1
1129,0,0,0,0,1,1,1,0,2,0,1,2,1,0,1,0,1,1,0,1,1
11290,1,1,0,2,0,1,1,0,2,0,1,0,2,0,0,1,0,0,0,0,0
11291,1,0,0,0,0,0,0,0,1,0,0,1,2,0,0,1,1,2,0,1,1
11292,2,1,0,1,0,2,1,0,0,0,1,0,1,1,2,1,1,2,1,0,1
11293,1,0,1,0,2,1,2,1,2,0,0,0,0,0,1,1,1,1,1,0,1
11294,0,1,1,2,0,0,0,0,2,0,0,1,1,0,0,0,1,1,0,1,1
11295,1,1,0,1,1,2,0,0,2,0,0,0,2,0,1,1,1,2,0,0,1
11298,1,1,0,2,1,1,1,0,2,0,0,0,2,1,0,1,0,1,0,0,1
11300,1,0,0,1,0,1,0,0,1,0,1,1,0,1,1,0,1,2,0,1,1
11303,0,2,0,0,0,1,0,0,2,0,1,0,2,0,0,0,2,1,0,0,1
11305,0,0,0,1,1,1,2,0,2,0,0,1,2,0,0,0,0,2,0,1,1
11306,0,1,0,0,0,2,0,0,2,0,0,1,1,0,0,1,0,1,1,0,1
11307,0,0,1,1,1,2,1,0,2,0,1,1,1,0,0,0,1,1,0,0,1
11309,1,0,0,2,0,0,0,0,2,0,1,0,1,0,0,1,0,2,0,0,2
11312,0,1,1,2,1,0,1,0,2,0,0,0,1,0,0,0,0,2,2,0,1
11313,1,0,0,2,1,1,1,0,2,0,1,2,1,0,0,0,0,2,0,0,1
11314,0,0,0,1,0,0,0,0,2,0,0,1,1,0,0,0,1,1,0,0,1
11316,1,0,0,1,2,2,1,0,1,0,0,2,1,1,0,1,2,2,0,0,1
11317,1,1,2,2,1,1,0,0,2,0,1,0,2,0,0,2,0,1,0,0,1
11319,1,1,0,2,1,1,0,0,2,0,0,0,1,0,0,1,1,1,1,0,1
11320,1,0,1,0,1,2,0,0,2,0,0,0,1,0,0,1,0,2,1,1,1
11321,2,0,1,1,0,2,1,0,2,0,0,1,1,1,0,2,1,2,0,0,1
11322,0,2,0,0,2,1,2,0,1,1,0,0,2,0,1,0,1,1,0,1,1
11323,1,1,1,2,1,1,1,0,2,0,0,1,0,0,1,1,0,2,0,1,1
11325,1,1,1,2,1,2,0,0,2,0,0,1,1,0,0,1,1,1,1,0,1
11326,0,1,2,2,0,2,0,0,2,1,0,0,0,1,0,0,1,1,0,0,1
11327,0,1,1,0,1,0,0,0,2,0,0,1,1,0,0,0,1,1,0,1,1
11328,1,1,0,0,0,2,0,0,1,2,0,1,1,0,0,1,1,1,1,1,1
11329,1,1,0,2,2,1,0,0,2,0,1,1,2,0,0,1,0,2,0,1,1
11330,0,2,0,1,0,2,0,0,1,0,0,0,1,0,0,0,1,1,0,0,1
11331,0,1,0,1,1,1,0,0,2,0,1,1,1,0,0,1,1,2,0,1,1
11332,1,2,0,2,0,2,1,0,2,0,1,0,1,0,0,1,0,2,0,2,1
11333,2,2,1,1,1,1,0,0,2,0,1,0,1,0,0,1,0,2,1,1,1
11334,0,1,1,0,0,2,0,0,1,0,0,0,1,0,1,0,0,2,1,1,1
11337,0,1,0,1,1,2,0,0,2,0,2,0,1,0,0,0,0,2,0,0,1
11338,0,1,0,0,1,1,0,0,1,0,2,0,1,0,1,0,0,2,0,0,1
11340,0,1,0,1,0,2,0,0,1,1,0,0,0,0,0,1,0,2,1,0,1
11341,0,1,1,1,1,1,0,0,1,0,0,1,1,0,1,0,1,2,0,0,1
11342,1,0,0,1,0,1,1,0,1,0,0,1,2,0,0,2,2,2,1,0,1
11344,1,1,2,1,0,2,1,0,1,1,0,1,2,2,0,1,1,1,1,0,1
11345,0,0,0,1,0,2,1,0,2,0,0,0,2,0,0,0,0,1,0,0,1
11346,0,1,0,1,1,1,1,0,1,0,1,1,1,1,0,0,0,1,1,0,1
11349,0,1,0,1,0,2,1,0,1,0,1,1,1,1,1,0,0,1,0,1,1
11353,1,0,1,2,2,2,1,0,2,0,1,1,0,0,0,1,2,2,0,1,1
11355,0,2,0,0,0,1,0,1,1,1,0,0,1,2,0,0,1,2,0,0,1
11357,0,0,0,0,2,1,0,0,1,1,1,0,1,0,0,1,1,1,1,1,1
11358,1,2,1,1,0,1,0,0,2,0,0,1,1,1,0,1,1,2,0,0,1
1137,0,1,0,1,1,2,0,0,1,1,1,0,1,0,0,0,1,1,2,0,1
11370,0,1,0,2,2,1,0,0,2,0,1,1,2,0,0,0,1,2,1,1,1
11371,1,0,1,1,0,2,0,0,2,0,0,1,2,0,0,0,1,1,0,0,1
11372,0,2,0,0,0,2,0,0,2,0,0,0,0,0,0,0,0,1,0,0,1
11374,0,1,1,1,1,1,1,0,1,0,1,0,2,1,1,1,0,2,0,0,1
11377,1,0,0,1,2,2,0,0,1,0,0,0,1,1,0,1,1,2,1,0,1
11381,1,2,1,1,1,1,2,0,2,0,1,1,1,1,0,1,2,2,0,0,1
11383,1,1,0,1,0,2,0,0,2,0,1,0,1,0,0,1,1,0,0,0,1
11385,0,2,1,0,1,1,0,0,1,1,1,1,2,0,1,0,1,1,1,0,1
11389,0,0,0,1,2,1,0,0,2,0,1,0,1,0,0,0,1,2,0,0,1
11391,2,1,0,1,0,2,0,0,2,0,0,0,2,0,1,1,0,2,1,1,1
11393,1,0,0,0,0,2,0,0,2,0,0,0,2,0,0,1,0,2,1,0,1
11394,2,0,1,2,1,1,0,0,2,0,1,0,1,0,0,1,1,2,0,1,1
11395,1,1,0,1,1,2,0,0,2,0,1,0,1,0,0,1,1,1,0,0,1
11396,0,2,0,1,1,1,1,0,1,0,1,0,1,0,0,0,1,2,0,0,1
11397,0,1,0,0,0,2,0,0,2,0,1,1,0,1,1,0,1,1,1,1,1
11398,0,0,0,1,1,1,0,0,2,0,1,0,2,1,0,1,1,2,0,0,1
11399,0,2,0,0,1,0,0,0,2,0,0,2,1,2,1,0,1,1,0,0,1
11400,0,2,1,1,0,1,1,0,2,0,0,1,2,0,1,0,1,1,0,2,1
11402,0,0,0,2,2,2,0,0,2,0,0,0,1,0,0,0,0,0,0,0,1
11403,0,0,0,1,0,1,1,0,2,0,0,0,0,0,0,0,1,1,0,1,1
11404,0,1,0,2,0,1,0,0,2,0,0,1,1,0,0,1,1,2,1,0,1
11408,0,1,0,2,0,2,0,0,2,0,1,1,2,0,0,2,1,1,0,1,1
11410,1,2,1,0,0,1,1,0,1,0,0,0,2,0,1,1,1,2,0,0,1
11412,1,2,0,1,2,2,0,1,2,0,0,0,1,0,0,1,0,0,0,0,1
11417,0,1,0,0,0,2,2,1,1,0,1,1,1,1,0,0,1,1,1,1,1
11422,0,2,1,1,1,2,1,1,2,0,0,1,1,0,0,0,0,2,2,0,1
11423,0,2,0,2,0,1,0,0,1,1,0,1,1,1,1,0,1,1,1,2,1
11424,1,0,0,2,1,0,0,0,2,0,1,1,2,0,0,1,0,1,1,0,1
11425,0,0,1,1,0,2,0,0,2,0,0,1,2,0,0,1,0,1,1,1,1
11426,1,1,1,0,2,1,0,0,2,0,1,0,2,0,0,1,0,1,0,0,1
11427,0,1,0,1,0,1,0,1,2,0,1,0,2,0,0,0,1,2,1,0,1
11428,2,1,1,0,0,1,0,0,2,0,1,0,1,1,0,2,1,0,0,0,1
11429,0,1,1,0,0,2,1,0,2,0,1,0,1,0,0,1,0,0,1,1,1
11430,0,1,0,2,2,2,2,0,2,1,0,0,2,0,0,1,0,2,0,0,1
11431,0,1,2,2,2,2,1,0,2,0,0,0,1,0,0,0,2,2,0,0,1
11432,1,0,0,0,2,2,1,0,2,0,1,0,2,0,0,1,0,2,0,2,1
11433,1,1,0,2,0,1,0,0,2,0,0,0,2,0,1,0,2,1,1,0,1
11440,1,0,0,0,2,1,0,0,2,0,0,0,0,0,0,2,1,2,1,1,1
11443,1,0,0,2,0,1,0,0,2,0,0,0,0,0,0,0,1,1,0,1,1
11445,0,1,0,1,1,2,0,0,2,1,1,0,1,0,0,1,2,2,0,0,1
11447,1,1,0,1,1,1,0,0,1,1,1,0,0,1,0,1,0,1,1,0,1
11448,0,0,0,0,1,1,0,0,2,0,1,0,2,0,2,1,1,2,0,0,1
11449,1,0,1,1,1,1,0,0,2,0,0,1,1,0,1,1,1,1,2,0,1
11452,1,1,0,2,0,0,0,0,2,0,0,0,1,0,0,1,0,0,0,0,1
11456,0,1,0,1,1,2,0,0,2,0,0,0,1,2,0,1,2,2,2,0,1
11457,1,2,1,0,0,2,0,0,2,0,0,0,1,0,0,1,1,1,0,0,1
11458,1,2,1,1,2,2,0,0,2,0,1,0,0,0,1,0,0,2,2,0,1
1146,0,0,1,1,0,2,0,0,2,0,0,2,1,0,0,1,1,1,1,0,1
11460,0,0,0,1,0,2,1,0,1,1,0,0,1,0,0,0,0,1,1,0,1
11463,1,0,1,1,0,2,0,0,1,0,0,0,2,0,0,2,0,1,0,0,1
11464,2,0,0,1,0,2,0,0,2,0,0,0,1,0,1,2,0,2,1,0,1
11465,0,2,1,0,1,1,0,0,1,0,0,0,0,0,0,0,1,1,1,1,1
11468,2,0,0,0,1,1,0,0,2,0,1,0,1,0,0,2,1,2,1,0,1
11469,0,2,1,1,1,1,0,0,2,0,1,0,0,0,0,0,0,2,2,0,1
11470,0,0,1,2,1,1,0,0,2,0,1,1,2,1,1,0,0,1,1,0,1
11471,0,1,1,1,0,1,0,0,2,0,1,1,2,0,0,0,1,1,1,0,1
11472,0,1,0,2,0,1,1,0,2,0,0,0,2,0,0,0,0,2,0,0,1
11474,0,2,0,2,2,2,0,0,1,0,1,1,2,0,0,0,1,1,2,0,1
11475,0,1,1,0,0,2,1,0,1,1,0,0,1,0,1,2,0,2,1,0,1
11476,1,0,0,1,1,1,1,0,2,0,0,1,0,1,0,2,2,1,1,1,1
11480,0,2,1,1,2,2,1,0,2,0,1,0,1,1,0,0,0,2,1,0,1
11481,0,1,0,0,0,2,0,0,1,0,0,0,2,0,1,0,0,2,0,1,1
11482,0,2,1,1,0,1,0,0,1,1,0,0,1,0,0,0,0,1,1,0,1
11483,0,1,0,2,0,1,0,0,2,0,1,0,2,0,0,0,0,1,0,0,1
11485,1,0,0,1,0,2,1,0,1,0,1,1,2,0,0,1,0,2,0,1,1
11486,0,0,2,1,0,1,0,0,2,0,0,1,1,0,1,0,0,2,1,1,1
11489,0,1,0,1,1,2,1,0,2,0,0,1,0,0,0,0,1,1,0,0,1
11491,2,0,1,1,0,0,0,0,2,0,0,0,2,0,0,2,0,1,0,1,1
11492,1,1,0,1,0,1,1,0,2,0,0,1,1,1,0,2,1,2,0,1,1
11493,1,1,0,0,1,1,1,0,2,0,0,0,0,0,0,1,1,2,0,1,1
11494,1,1,2,1,1,0,0,0,2,0,0,2,1,0,1,1,0,2,0,1,1
11495,0,0,0,1,0,1,2,0,1,0,1,0,1,0,0,1,2,1,1,0,1
11497,1,0,1,1,0,2,1,0,2,1,1,0,0,1,1,1,1,2,0,1,1
11498,1,0,1,2,1,2,0,0,2,0,0,0,2,1,0,1,2,1,0,0,1
11499,1,2,0,0,0,2,0,0,2,0,0,1,1,0,0,0,0,1,0,0,1
11500,0,0,1,1,2,0,1,1,1,1,0,0,0,0,0,0,0,2,1,1,1
11502,2,0,0,0,0,2,1,0,1,0,1,0,1,0,0,2,0,2,1,0,1
11505,0,1,0,1,2,2,0,0,2,0,1,0,2,0,0,0,0,2,0,0,1
11506,0,1,1,1,0,2,0,0,2,0,0,0,1,1,1,0,1,1,1,0,1
11507,0,1,0,0,1,2,1,0,2,0,1,0,1,0,0,1,1,1,0,0,1
1159,2,2,1,2,1,1,0,0,1,0,1,1,1,0,0,2,0,2,0,0,1
1166,0,1,2,2,1,1,1,0,2,0,0,1,1,0,0,0,1,2,1,0,1
1172,1,1,0,1,0,1,0,0,2,0,0,0,1,0,2,0,1,2,1,0,1
1183,1,1,0,1,0,2,2,0,1,0,0,0,1,0,1,1,0,1,1,0,1
1195,0,1,0,1,2,0,0,0,2,0,1,1,0,0,0,0,1,1,1,0,2
1200,1,1,0,1,1,2,0,0,2,0,0,1,0,0,0,2,0,2,1,0,1
1214,0,1,0,1,0,2,1,0,2,0,0,0,1,0,1,1,1,2,2,0,1
12306,0,1,1,1,1,1,0,1,1,0,0,1,1,0,0,1,1,2,0,0,1
12308,1,1,0,0,0,2,1,0,2,0,1,0,1,0,1,1,1,2,0,0,1
1239,0,1,0,0,0,1,0,1,2,0,0,0,2,1,0,0,1,0,1,1,1
1258,2,2,2,1,0,1,0,0,1,1,0,0,2,0,0,2,1,1,0,0,1
1271,2,0,1,1,2,1,0,0,2,0,1,1,2,0,0,1,1,2,0,1,1
1275,1,2,0,1,1,1,1,1,2,0,0,2,2,0,0,1,1,2,1,0,1
1282,1,0,0,1,1,2,0,0,2,0,0,2,0,0,1,2,2,0,0,1,1
129,1,1,1,1,1,2,0,0,1,1,1,0,2,0,0,0,1,1,0,0,1
1302,0,2,0,2,1,1,0,0,2,0,0,0,0,1,0,0,1,2,1,0,1
134,1,0,0,1,0,2,1,0,2,0,1,1,0,0,0,0,2,1,0,1,1
135,1,2,0,2,0,1,1,0,2,0,0,1,2,0,0,1,0,1,0,0,1
141,0,2,0,1,1,2,1,0,1,0,1,0,0,0,0,0,0,1,1,0,2
142,0,2,1,0,2,1,0,0,2,0,1,1,1,0,0,1,1,0,0,2,1
14543,1,0,0,1,0,2,0,0,1,1,0,0,1,0,0,0,0,1,0,0,1
14546,0,1,1,1,2,0,1,0,2,0,1,1,1,1,0,1,0,1,0,0,1
14547,0,0,1,0,0,2,1,0,2,0,0,0,2,1,0,1,0,1,1,0,1
14548,0,0,1,1,2,1,0,0,1,1,0,1,2,0,0,0,0,2,1,0,1
14549,2,1,1,1,0,1,2,1,1,0,0,0,2,0,1,2,0,1,1,1,1
14550,0,2,1,0,1,2,0,1,2,0,0,0,2,0,0,1,1,2,1,0,1
14551,0,0,0,0,2,2,0,0,1,0,0,0,1,0,0,1,0,0,0,0,1
14552,0,0,0,2,1,2,0,0,2,0,0,2,1,0,1,0,1,2,2,0,1
14553,0,2,0,1,0,2,0,1,2,0,0,0,2,1,0,0,1,2,0,1,1
14555,1,1,0,2,1,2,1,0,2,0,1,1,0,0,1,1,1,2,1,0,1
14556,0,1,0,1,0,1,1,1,1,1,1,0,1,0,0,0,2,2,1,0,1
14557,1,2,1,0,2,2,0,0,2,0,0,1,1,1,0,1,1,2,1,0,1
14558,1,2,0,1,1,1,0,0,1,0,0,0,2,0,1,0,0,1,0,0,1
14560,0,0,1,0,1,1,1,0,2,0,0,0,2,0,0,0,0,2,0,1,1
14562,0,1,1,1,1,0,0,0,2,0,1,0,1,0,0,1,0,1,0,0,1
149,1,1,1,1,2,0,0,0,2,0,1,0,1,0,2,1,1,1,1,0,1
18198,0,0,0,0,1,2,0,0,2,0,1,1,1,0,0,0,2,2,1,0,1
18199,1,1,2,0,1,2,0,0,2,0,0,1,0,1,0,0,0,2,0,0,1
18200,1,0,0,0,2,1,0,0,2,0,0,0,2,0,0,1,2,2,0,1,1
18201,1,1,0,0,0,2,0,0,2,0,0,0,1,1,0,1,0,2,1,1,1
18202,1,0,1,2,0,1,0,1,2,0,0,1,2,0,0,1,1,1,0,0,1
18203,0,0,0,2,2,1,1,0,1,0,0,1,1,0,1,0,1,1,0,0,1
18204,0,0,0,1,1,2,0,0,2,0,0,0,1,0,1,1,1,2,0,0,1
18206,1,0,0,0,1,2,0,0,1,0,2,0,1,0,0,1,1,1,0,0,1
18209,0,0,0,1,0,0,0,0,2,0,1,1,1,0,0,0,1,2,0,0,1
18210,1,0,0,0,1,0,1,0,2,0,2,0,0,0,0,1,1,1,1,0,1
18211,0,1,1,0,1,1,0,0,1,1,0,1,2,0,0,0,1,1,0,0,1
18212,1,0,0,2,1,1,0,0,2,0,1,0,2,1,0,1,2,2,2,0,1
18213,1,0,0,0,0,1,1,0,2,0,1,0,1,0,0,1,1,1,0,1,1
18214,1,0,0,1,1,2,1,0,1,1,1,1,1,0,0,1,1,2,0,1,1
18216,1,1,0,0,1,1,0,1,1,1,0,1,2,0,1,1,0,1,0,1,1
18217,1,2,0,1,1,1,1,1,2,0,0,0,1,1,1,1,1,2,0,1,1
18218,0,0,1,0,0,1,1,0,2,0,0,1,1,1,0,0,0,2,0,0,1
18219,0,0,0,1,0,1,0,0,1,1,0,0,2,0,0,0,1,2,1,1,1
18220,0,0,0,0,0,2,0,0,2,0,1,1,2,0,0,1,0,1,0,0,1
18221,0,1,0,0,1,2,1,0,1,0,1,0,1,0,0,0,1,1,1,0,1
18222,2,1,0,2,0,2,1,0,2,0,1,0,1,1,0,2,0,2,1,1,1
18223,2,1,0,0,1,1,2,1,2,0,0,0,0,0,0,2,1,2,1,0,1
18224,0,0,0,1,1,1,0,0,1,0,1,0,1,0,1,0,2,2,0,0,1
18225,0,0,1,2,1,2,0,0,2,0,1,0,1,1,0,0,1,1,2,0,1
18226,1,1,1,2,0,2,1,0,2,0,0,1,2,1,0,1,0,1,0,1,1
18228,0,1,1,1,1,1,1,1,2,0,0,0,1,0,0,0,2,1,0,0,1
18229,1,1,0,1,2,2,0,0,1,1,1,1,2,0,0,0,0,1,1,1,1
18230,1,1,0,0,1,2,1,0,2,0,1,1,2,0,1,1,0,0,1,0,1
18231,0,0,1,0,1,0,0,0,2,0,1,2,1,0,0,0,1,2,1,0,2
18232,1,1,0,1,1,1,0,0,2,0,1,1,1,1,0,1,0,2,0,1,1
18233,1,2,1,1,2,0,0,0,1,1,1,0,2,0,1,0,0,2,1,1,1
18234,0,0,0,1,0,2,1,0,2,0,0,0,1,0,1,1,1,2,0,0,1
18235,1,1,1,2,1,1,0,0,2,0,1,0,0,1,1,1,0,1,1,1,1
18236,0,2,2,1,1,2,0,0,1,1,0,0,1,0,0,0,1,2,1,1,1
18237,0,0,0,2,2,1,1,0,2,0,0,0,0,1,0,0,0,2,0,0,1
18238,0,1,1,1,1,2,0,0,2,0,1,0,1,0,0,0,2,2,1,0,1
18239,1,1,0,0,0,1,0,0,1,1,1,0,1,1,0,0,0,1,0,0,1
1919,1,1,2,1,1,0,0,0,1,0,1,1,1,0,0,1,0,1,0,0,1
1923,1,1,1,2,0,2,0,0,2,0,1,1,2,0,0,0,2,2,0,0,1
1924,1,1,0,2,1,1,0,0,2,0,1,0,2,0,0,1,0,2,1,0,1
1925,1,2,1,0,1,2,0,0,1,1,1,2,2,1,1,1,0,2,0,2,1
1926,2,0,0,1,1,1,0,0,1,0,0,0,1,1,1,2,1,1,0,0,1
1929,0,2,0,0,1,2,0,0,2,0,0,1,2,0,0,1,0,1,0,0,1
1931,0,1,0,1,0,1,1,0,1,0,1,0,2,0,0,1,2,2,0,1,1
1932,1,0,0,0,1,2,0,0,1,1,1,0,0,1,0,1,0,1,0,0,1
1933,1,0,0,1,1,0,1,0,2,1,0,1,1,0,0,1,2,2,1,0,1
1934,1,1,0,0,1,2,0,0,2,0,0,0,1,0,0,2,1,2,0,0,1
1935,2,2,0,1,2,2,0,0,2,0,1,0,1,0,0,2,0,2,1,0,1
1936,0,1,1,1,0,2,1,2,2,0,0,1,1,0,0,1,0,2,0,0,1
1937,0,2,1,1,1,2,0,0,2,0,0,0,1,0,1,0,1,2,0,0,1
1938,1,0,1,2,1,2,0,0,2,0,0,1,1,0,0,1,1,1,1,0,1
1940,0,2,1,0,0,1,0,0,2,0,2,1,1,0,0,0,1,1,2,0,1
1941,0,1,0,2,2,2,1,0,1,2,0,0,2,0,0,0,1,2,0,1,1
1942,1,0,1,0,0,1,0,0,1,0,1,1,2,0,0,1,1,1,0,1,1
1943,1,0,0,2,2,1,0,0,2,0,1,0,1,1,1,0,0,1,0,1,1
1944,1,0,0,1,1,2,1,0,1,2,0,0,2,0,0,0,1,2,0,0,1
1945,2,1,0,0,1,2,1,0,1,0,0,0,2,0,1,1,1,1,0,0,1
1947,0,0,0,0,0,2,1,0,2,0,0,1,2,0,0,0,1,2,0,1,1
1948,0,0,0,0,1,1,0,0,1,1,1,1,1,1,0,0,1,2,1,0,1
1950,1,1,0,0,1,2,1,0,2,0,0,0,2,0,0,1,0,2,1,1,2
1951,2,1,1,0,1,1,0,0,2,0,0,0,2,0,0,2,1,1,2,0,1
1952,0,1,0,2,0,1,0,0,2,0,1,0,1,0,0,0,1,1,1,0,1
1953,1,1,1,0,1,2,0,0,1,1,1,0,2,0,0,1,1,1,0,0,1
1954,1,1,0,0,0,2,2,0,1,0,1,0,1,0,0,0,0,2,1,0,1
1955,1,1,0,1,1,2,2,0,2,0,0,0,2,0,1,0,0,1,0,0,1
1956,1,2,0,2,0,1,0,0,2,0,0,1,2,0,1,2,1,2,2,0,1
1957,1,0,0,0,1,2,1,0,1,0,1,2,2,0,0,1,2,2,1,0,1
1958,0,0,0,1,0,2,0,0,2,0,1,1,2,1,1,0,0,1,1,0,1
1959,0,1,1,2,0,1,1,0,1,1,1,0,1,0,0,0,0,2,2,0,1
1960,1,0,0,2,2,1,1,0,2,0,0,1,2,0,0,1,1,2,1,0,1
1963,0,1,1,1,1,1,0,0,2,0,1,1,0,0,0,0,1,2,1,0,1
1964,0,2,0,0,2,1,0,0,2,0,0,0,1,1,0,0,0,1,0,0,1
2210,0,2,0,1,1,2,1,0,1,0,1,0,0,0,1,1,1,2,1,1,1
2517,1,1,0,1,1,2,0,0,2,0,0,1,0,0,0,1,1,1,0,1,1
6810,0,0,0,2,1,1,1,0,1,1,0,1,1,0,0,0,0,1,1,0,1
6819,1,1,0,2,1,1,1,0,2,0,1,1,2,0,0,1,0,2,1,0,1
6821,2,0,1,0,0,1,0,0,1,0,0,0,1,0,0,2,1,2,0,0,1
68411,1,1,0,1,1,2,0,0,2,0,0,0,1,0,0,1,0,1,1,0,0
68416,1,0,0,2,0,2,0,1,2,0,0,0,2,0,1,0,0,2,1,1,1
68419,0,1,0,0,1,1,0,0,1,1,0,0,2,0,0,0,1,2,1,1,1
68420,0,0,0,0,0,0,1,0,1,0,0,0,2,0,0,0,0,0,1,0,1
68422,0,2,0,2,0,2,1,0,1,0,0,0,2,0,2,1,1,2,1,0,1
68423,0,0,0,1,1,0,2,0,2,0,1,2,2,0,0,0,1,1,1,0,1
68424,1,1,1,0,0,1,1,1,1,1,0,0,2,0,1,1,0,2,1,0,1
68425,1,0,0,1,1,1,0,0,1,1,0,0,0,0,0,1,1,2,0,0,1
68427,1,1,0,0,2,1,0,0,2,0,1,1,2,0,1,0,0,1,0,1,1
68428,2,1,0,0,0,1,0,0,2,0,0,1,0,1,0,1,0,1,0,0,1
68430,1,2,0,0,0,1,0,0,1,0,1,1,1,0,0,0,0,1,1,1,1
68431,0,0,0,0,0,1,0,0,1,1,2,0,2,0,0,0,0,1,0,1,1
68433,0,1,0,1,0,1,0,0,2,0,0,0,2,0,0,1,1,2,0,0,1
68434,0,0,1,1,2,1,0,0,2,0,1,1,0,0,0,2,1,2,1,0,1
68435,1,2,0,1,0,2,0,0,2,0,0,0,2,0,0,2,1,2,1,0,1
68454,1,2,0,1,0,2,0,0,2,0,1,2,0,0,0,0,0,2,1,0,1
68455,0,1,0,1,0,1,0,0,2,0,1,1,1,0,0,1,1,2,0,1,1
68515,1,1,0,1,0,2,0,0,1,0,1,2,1,1,1,1,0,2,0,1,1
68522,1,0,0,1,0,2,0,0,2,0,1,0,0,0,0,1,1,2,0,0,1
68586,0,1,0,2,1,1,1,0,2,0,0,1,0,0,1,0,1,2,1,0,1
68622,1,1,0,0,1,2,0,1,1,1,1,1,1,0,0,1,1,2,0,0,1
68624,1,2,0,1,1,0,1,1,2,0,1,1,0,0,0,2,1,2,0,0,1
6863,0,1,0,1,1,1,0,0,2,1,1,1,0,0,0,0,2,1,0,0,1
68637,1,0,0,0,1,2,0,0,2,0,2,1,1,0,0,0,0,2,1,1,1
68658,0,1,0,1,0,0,1,0,2,0,0,0,2,0,0,1,1,2,1,1,2
68682,0,1,0,1,1,1,0,0,2,0,1,0,1,0,0,0,0,2,1,1,1
6870,1,1,0,2,2,1,2,0,1,1,0,0,2,0,0,1,2,2,1,0,1
6872,1,1,0,1,0,1,1,0,1,1,1,0,1,0,0,0,1,2,0,1,1
6880,0,2,0,2,1,0,0,0,2,1,1,0,2,1,1,0,0,2,0,0,1
6894,1,0,1,1,1,2,2,0,2,1,1,0,2,0,1,1,1,0,0,1,1
6913,0,1,0,1,0,2,0,0,2,0,0,0,1,0,0,0,2,2,0,1,1
6914,1,1,0,1,1,2,0,0,2,0,2,1,1,0,0,1,1,2,0,0,1
6915,1,1,0,0,1,1,0,0,2,0,0,1,1,0,0,0,2,2,1,2,1
6925,1,1,0,1,2,2,1,0,2,1,0,1,2,0,0,1,2,2,0,1,1
6929,1,1,0,1,1,1,1,0,1,0,1,0,1,0,1,1,0,2,2,0,1
6952,2,1,0,1,0,2,1,0,2,0,1,0,0,1,0,2,1,1,1,2,1
6976,0,2,0,1,0,0,0,1,2,0,0,1,0,0,1,1,1,2,0,0,1
7000,1,0,0,0,2,2,1,0,2,0,0,1,2,0,0,1,1,0,0,1,1
7015,1,1,1,2,0,1,1,0,2,0,0,1,2,0,0,1,0,1,1,0,1
7016,0,1,0,1,0,2,1,0,2,0,0,0,2,0,0,0,1,1,0,0,1
70460,0,1,0,2,2,1,0,0,1,1,0,1,1,0,0,0,1,2,1,0,1
70475,0,1,0,2,0,1,0,0,2,1,0,1,2,0,0,0,0,1,0,1,1
70485,1,1,2,1,1,2,1,0,2,0,1,1,1,0,0,2,2,2,0,0,1
70490,2,1,0,1,0,1,1,0,2,0,2,1,1,0,0,1,0,1,0,0,1
70524,0,1,0,1,2,2,0,0,1,0,2,0,2,0,1,2,1,2,0,0,1
70539,2,0,0,1,0,1,0,0,2,0,0,0,2,0,0,1,2,1,1,1,1
70546,1,1,0,1,1,1,1,0,2,0,1,0,1,1,0,1,2,2,1,0,1
70568,0,2,1,2,0,1,0,0,0,2,0,1,2,0,0,1,1,2,0,1,1
70579,1,1,0,1,0,0,0,0,1,0,0,1,2,0,1,0,0,2,1,0,1
70594,0,1,0,1,1,1,0,0,2,0,0,0,2,0,0,0,1,1,0,1,1
70609,1,2,1,2,0,0,1,0,2,1,1,1,1,0,0,1,2,2,1,0,1
70614,1,1,0,2,0,1,2,0,2,0,1,1,1,0,0,1,0,2,1,0,1
70635,0,2,1,1,1,0,1,0,2,0,0,0,2,0,0,1,1,0,1,0,1
70640,1,0,0,0,0,2,1,0,2,0,0,0,2,0,0,2,1,1,0,0,1
70659,1,1,0,1,0,2,0,0,2,0,0,1,2,0,0,0,0,1,0,0,1
70665,1,1,0,1,1,2,0,0,2,0,0,1,2,0,1,1,0,2,1,1,1
70672,0,0,1,0,0,2,1,0,2,0,1,0,1,0,0,0,1,2,1,1,1
70688,2,1,1,1,1,2,0,0,2,0,1,1,1,1,0,2,1,2,0,0,1
70696,0,0,0,1,0,1,0,0,1,1,0,1,2,0,0,0,0,2,1,0,1
7095,1,0,0,0,2,1,0,0,2,0,0,1,1,0,0,1,1,1,0,0,1
7098,1,1,0,1,1,2,1,0,0,1,1,1,1,1,0,2,2,1,0,1,1
7099,1,2,0,1,2,1,0,0,2,0,0,1,1,0,1,1,2,1,2,0,1
716,1,2,1,0,0,1,0,0,2,1,1,2,0,0,1,1,1,2,0,1,1
71673,1,1,1,1,0,1,1,0,2,0,0,1,0,0,0,2,0,2,1,1,1
71674,0,1,0,1,1,1,0,0,2,0,1,1,2,1,2,2,1,2,1,0,1
71675,2,0,0,1,1,2,0,0,2,0,2,1,0,0,1,2,1,2,1,1,1
71677,0,1,0,1,1,1,0,0,2,0,0,0,0,1,1,1,0,2,0,0,1
71679,1,1,0,1,0,1,1,0,1,0,1,1,1,0,0,1,1,2,1,0,1
71684,1,1,0,0,1,2,0,0,1,1,1,1,2,1,0,1,1,0,0,0,1
71685,1,0,2,1,0,1,1,0,1,0,2,0,1,0,0,2,1,2,1,0,1
71686,1,2,0,0,0,1,0,0,2,0,1,0,1,1,0,2,0,1,1,0,1
71687,0,1,0,1,1,1,0,0,1,0,0,1,2,0,1,1,0,1,0,0,1
71688,1,1,1,1,0,1,1,0,2,0,2,0,1,0,0,1,0,1,0,1,1
71689,0,0,0,1,2,2,0,0,1,1,0,0,2,1,0,0,2,1,0,0,1
71690,1,1,2,1,0,1,0,0,1,1,0,0,0,0,0,1,0,1,0,1,1
71691,2,2,1,0,1,0,0,0,2,0,2,0,2,0,0,1,0,2,0,1,1
71692,2,0,0,0,1,2,0,0,2,0,1,0,1,1,0,1,1,1,2,0,1
71693,1,0,1,1,0,2,0,0,1,2,0,0,2,0,0,1,1,2,0,0,1
71694,0,1,0,1,1,1,0,0,2,1,2,2,1,0,0,0,0,1,1,2,1
71695,2,0,0,1,1,2,0,0,2,1,0,0,1,0,0,2,1,2,1,0,1
71697,2,1,0,0,1,2,0,0,1,1,0,0,2,0,0,1,1,2,0,1,1
71698,1,0,0,1,0,2,0,0,2,0,0,0,1,0,1,1,1,2,0,0,1
71699,1,0,0,1,0,2,0,0,2,0,1,1,1,0,0,0,0,2,1,0,1
71700,2,0,0,0,1,2,0,0,2,0,1,0,0,0,1,0,0,2,0,1,1
71701,1,0,0,1,0,2,1,0,2,0,1,0,1,0,0,1,1,2,1,1,1
71702,0,0,0,2,0,2,0,0,1,1,0,0,2,0,0,0,2,1,1,1,1
71703,1,0,0,0,1,1,2,0,1,1,0,0,2,0,0,2,1,2,0,0,1
71704,1,2,0,0,1,0,0,0,1,1,0,1,1,0,0,1,0,2,0,0,1
71705,0,2,0,1,1,1,0,1,1,1,1,0,1,0,0,1,1,1,1,0,1
71706,0,0,1,1,1,2,0,0,2,0,0,0,0,0,0,0,2,0,0,0,1
71708,1,0,1,0,0,2,0,0,2,0,0,0,1,0,0,1,1,2,0,1,1
71709,1,0,0,1,0,2,0,1,2,0,0,1,2,0,0,1,2,2,0,0,1
71710,1,1,1,1,2,1,0,0,1,0,1,2,1,0,0,1,0,1,1,1,1
71711,1,0,2,1,0,1,2,1,1,0,0,1,2,0,0,1,0,2,1,0,1
71712,2,1,1,0,2,1,0,0,2,0,0,1,1,0,0,2,1,1,1,0,1
71713,0,1,1,1,0,2,0,0,2,0,0,0,0,0,0,1,1,2,0,1,1
71714,0,2,1,1,1,2,1,0,2,2,0,2,2,0,0,1,1,1,0,1,1
71715,2,1,0,1,1,1,0,0,2,0,1,0,1,0,0,2,0,2,0,1,1
71716,1,1,0,2,1,2,0,0,2,0,1,0,1,0,0,1,0,0,0,1,1
71717,0,1,0,0,0,0,0,0,2,0,0,1,2,0,0,1,0,2,1,0,1
71718,0,2,0,0,0,2,0,0,2,1,0,1,2,0,0,0,1,2,0,0,1
71719,0,2,0,1,1,2,0,0,2,0,1,1,1,0,0,0,0,2,0,0,1
71720,1,1,0,2,0,2,1,0,2,0,0,0,0,1,2,1,1,1,1,1,2
71721,1,1,0,0,0,2,0,0,1,1,1,0,1,0,1,1,0,2,1,0,0
71722,0,0,1,1,1,1,1,0,2,0,1,1,2,0,1,0,1,2,0,1,1
71723,1,1,1,1,1,2,2,0,2,0,0,0,0,0,0,1,1,1,1,0,1
71724,0,1,1,1,0,0,0,0,1,0,1,0,1,0,0,0,1,0,2,0,1
71725,1,0,0,0,1,1,0,0,2,0,1,1,2,0,1,1,1,2,0,0,1
71726,0,1,0,0,0,2,0,0,2,0,0,0,1,1,0,1,1,1,1,0,1
71727,0,2,1,0,0,2,0,0,1,0,1,1,2,0,0,0,1,2,0,1,1
71728,1,1,0,1,1,1,1,0,1,0,1,0,2,0,0,1,2,2,2,0,1
71730,1,2,1,0,1,1,1,1,1,1,1,0,1,1,0,1,2,1,0,0,1
71731,0,2,0,1,1,2,0,1,1,1,0,1,1,0,0,0,0,2,0,0,1
71732,0,0,1,1,1,1,0,0,1,0,1,1,1,0,1,1,0,2,1,1,1
71733,1,1,0,1,2,1,0,0,1,0,0,0,1,0,0,1,1,2,0,1,1
71734,0,1,0,1,0,1,0,0,1,0,0,0,2,1,1,0,1,2,0,1,2
71735,1,0,0,0,2,1,0,0,1,1,0,1,1,0,1,1,0,2,0,0,1
71736,0,1,1,0,0,2,0,0,2,0,0,0,2,0,0,0,0,1,0,1,1
71737,1,0,0,2,1,2,0,0,2,0,0,1,1,0,0,0,0,2,0,0,1
71738,0,2,0,1,1,2,0,1,1,1,0,1,1,0,0,0,0,2,0,0,1
71739,0,0,0,2,1,2,1,0,2,0,0,1,1,0,0,0,0,2,0,0,1
71740,1,2,1,0,1,1,0,0,1,1,0,0,1,0,0,1,1,1,0,2,1
71741,2,1,0,1,1,2,0,0,2,0,0,0,2,0,0,1,1,2,0,1,1
71742,0,2,0,0,1,2,0,0,2,0,0,1,1,0,1,1,0,0,1,1,1
71745,0,1,0,2,2,1,1,0,1,1,0,2,1,1,0,1,2,1,1,0,1
71746,0,1,0,1,1,0,1,0,2,0,1,1,0,0,0,1,0,2,1,1,1
71747,0,1,0,2,2,2,0,0,1,1,0,2,2,0,1,0,0,1,0,0,1
71748,1,0,1,2,2,1,1,0,2,0,0,0,2,1,0,0,0,2,1,1,1
71749,0,0,1,1,1,2,0,0,2,0,0,0,1,0,1,0,1,1,0,0,1
71750,0,1,0,0,0,2,0,0,2,0,1,1,0,1,0,2,2,2,0,0,1
71751,2,0,2,2,0,2,0,0,2,0,0,1,0,1,0,2,1,1,1,0,2
71752,2,1,0,1,0,1,0,0,0,2,0,0,0,0,0,2,1,2,0,0,1
71753,0,2,0,1,0,2,0,0,2,0,0,0,2,0,0,0,0,1,1,0,1
71754,1,0,0,2,2,2,0,0,2,0,0,0,1,0,0,0,1,1,1,0,1
71755,1,0,0,2,2,0,0,0,2,0,1,0,1,0,0,1,0,2,0,1,2
71756,0,0,0,2,2,2,1,0,2,0,0,1,1,1,0,0,1,0,1,1,1
71757,0,1,0,2,1,1,0,0,2,0,0,0,1,0,0,0,2,2,1,1,1
71758,1,0,1,1,1,1,0,0,1,1,0,0,1,0,0,1,1,1,1,0,1
71759,1,1,0,1,1,2,1,0,2,0,0,1,2,0,0,1,2,2,1,0,1
71760,2,1,0,0,1,1,0,0,2,0,0,1,2,0,0,2,0,2,0,1,1
71761,0,2,0,2,1,2,0,1,1,0,1,1,0,0,0,0,1,2,0,0,1
71762,1,1,0,1,2,2,1,0,2,0,1,0,1,0,0,1,0,2,1,1,1
71763,1,1,0,1,1,2,0,0,2,0,0,2,1,0,1,1,0,2,1,0,1
71764,1,1,0,1,2,2,0,0,1,0,0,0,0,0,0,0,2,2,0,1,1
71765,0,1,1,2,1,1,0,0,2,0,0,0,2,0,0,1,0,2,1,1,1
71766,1,2,0,0,2,2,0,0,2,0,1,1,2,0,0,1,1,2,0,0,1
71767,0,1,1,1,2,0,0,0,2,0,0,0,1,0,0,0,0,2,0,2,1
71768,1,0,0,1,1,2,1,0,1,0,0,0,1,0,1,1,0,1,1,1,1
71769,1,0,1,2,2,0,0,0,1,1,1,0,1,0,0,2,0,2,0,1,1
71770,0,1,0,0,2,1,0,0,2,0,0,0,1,0,0,0,1,2,0,0,1
71771,1,2,0,2,1,2,0,0,2,0,1,0,1,0,0,0,0,1,0,1,1
71772,1,0,0,1,0,2,1,1,1,0,1,0,1,0,0,0,0,1,1,1,1
71773,0,0,1,2,0,1,0,0,0,0,1,1,1,0,0,1,0,2,0,2,1
71774,1,1,0,0,0,1,0,0,2,0,1,1,0,0,1,0,0,2,1,2,1
71775,1,1,1,1,1,2,0,0,2,0,1,0,1,0,1,0,1,2,0,1,1
71776,0,1,0,0,1,1,0,0,1,0,0,0,0,2,0,0,0,0,0,0,1
71777,2,0,0,2,1,2,0,0,2,0,0,2,1,0,0,1,0,2,1,0,1
71778,1,1,1,1,1,0,0,0,2,0,1,0,1,0,1,2,0,1,1,0,1
71779,0,1,1,2,0,2,0,0,1,1,0,1,1,1,0,0,0,2,1,0,1
71780,1,1,0,1,0,1,0,0,2,0,0,1,1,0,0,1,1,1,1,0,1
71781,0,2,0,2,0,1,0,0,2,0,0,0,1,0,0,0,0,1,0,0,1
71782,1,0,0,0,0,0,1,0,1,0,2,1,2,0,0,2,0,1,1,0,1
71783,1,2,1,1,0,1,0,0,2,0,1,0,2,0,0,1,0,1,1,2,1
71784,2,1,0,1,0,2,0,0,2,0,0,1,1,0,0,2,2,2,1,0,1
71785,1,2,0,0,1,2,0,0,2,0,0,0,2,0,1,2,1,2,2,0,1
71786,1,1,0,1,1,2,0,0,2,0,1,0,1,1,0,1,0,2,0,0,1
71787,0,1,0,2,0,1,0,0,2,0,1,1,2,0,0,0,0,1,0,1,1
71789,0,2,0,1,0,1,0,0,2,0,0,0,1,0,1,0,0,2,1,0,1
71790,0,0,1,1,0,2,0,0,1,1,0,0,2,0,0,0,1,1,1,0,1
71791,1,1,0,2,1,2,0,0,1,1,0,1,2,0,1,2,0,2,1,0,1
71792,0,0,0,2,1,2,0,1,1,1,0,1,0,0,0,1,0,2,2,0,1
71793,0,0,0,0,0,2,1,0,2,0,0,1,1,1,0,0,0,2,0,1,1
71794,0,1,0,2,1,2,1,0,1,1,0,0,1,0,0,0,1,0,0,0,1
71795,1,0,2,1,0,2,0,0,2,0,1,0,2,0,0,1,0,2,1,0,1
71796,0,2,0,2,1,2,1,0,2,0,0,0,2,0,0,0,0,2,0,0,1
71797,1,1,0,2,1,2,1,0,2,0,0,2,2,0,0,2,0,2,1,0,1
71798,0,1,0,2,2,1,1,0,0,1,0,2,2,1,0,0,0,1,1,1,1
71799,0,0,0,0,1,2,1,0,2,0,0,0,1,0,0,0,1,1,0,0,1
71800,1,1,0,1,1,0,2,0,2,0,1,1,0,0,0,1,1,2,0,1,1
71801,0,1,0,1,0,1,0,0,2,0,0,1,0,0,1,0,1,1,1,0,0
71802,1,1,0,0,0,2,0,0,2,1,1,2,1,1,0,1,1,2,0,1,1
71803,1,0,0,2,1,2,1,0,2,0,0,0,2,1,0,1,1,2,0,0,1
71804,0,1,0,0,1,1,0,0,1,1,0,0,1,0,0,1,1,1,1,1,1
71805,1,0,0,1,1,2,0,0,2,0,0,0,2,0,0,1,1,2,0,0,1
71806,1,0,1,1,2,2,1,1,2,0,0,1,2,1,0,1,0,1,0,0,1
71807,0,1,1,1,2,0,1,0,2,0,1,1,2,0,1,1,1,1,2,0,1
71808,2,0,1,2,0,2,0,0,2,0,2,0,1,0,0,2,0,2,0,0,1
71809,1,2,0,1,0,1,1,0,2,0,0,0,1,0,0,0,1,2,1,1,1
71810,0,1,0,1,2,2,0,0,1,0,0,1,1,0,0,1,0,1,1,0,1
71811,0,1,1,2,0,1,0,0,1,1,0,0,2,1,0,1,1,1,1,1,1
71812,1,0,0,1,0,2,0,0,2,0,0,0,2,0,0,1,1,2,0,0,1
71813,1,2,0,1,1,0,1,1,2,0,1,1,0,0,0,2,1,2,0,0,1
71814,0,1,0,1,1,1,0,0,1,0,0,1,1,0,0,1,2,2,0,0,1
71815,1,1,0,0,1,0,0,0,2,0,0,0,0,1,0,1,0,2,0,0,1
71816,1,0,0,2,1,2,0,0,2,0,1,0,1,0,0,0,1,1,0,0,1
71817,0,1,0,1,1,2,0,0,1,1,1,0,1,1,0,0,1,2,1,0,1
71818,1,0,0,0,2,1,1,0,1,0,0,0,2,0,0,1,0,1,1,1,1
71819,1,1,1,0,0,2,1,0,2,0,1,0,1,0,1,1,0,2,0,0,1
71824,0,0,0,1,0,1,0,1,1,1,1,1,0,0,0,0,0,2,0,1,1
71825,0,1,0,2,1,2,0,1,1,1,0,1,2,0,1,0,1,2,0,0,1
71826,0,1,1,0,2,2,0,0,0,1,0,0,1,1,0,0,0,2,0,0,1
71827,0,2,0,2,2,1,0,0,1,0,1,0,1,0,0,1,1,2,0,0,1
71828,0,2,1,1,0,2,0,0,2,0,0,1,2,0,0,1,1,2,1,0,1
71829,1,0,0,0,0,2,0,0,2,0,0,0,2,0,1,1,2,0,1,0,1
71830,2,1,1,1,1,1,0,0,2,0,0,0,1,0,0,2,0,2,0,1,1
71831,1,1,0,0,0,2,1,0,2,0,0,0,1,0,0,1,0,1,0,0,1
71832,1,1,1,2,1,2,1,0,2,0,0,1,0,0,0,1,0,2,1,1,1
71833,0,0,1,0,1,1,0,0,1,0,1,0,2,0,0,0,2,1,0,1,1
71834,1,1,1,0,1,1,0,0,1,1,1,0,1,0,0,1,2,2,0,0,1
71835,1,1,1,1,1,2,0,0,2,0,1,0,1,1,0,1,0,2,0,0,1
71836,1,0,0,0,1,2,1,0,0,2,1,0,1,1,0,0,0,2,2,0,1
71837,1,1,1,1,0,1,1,0,1,0,0,1,2,0,0,1,1,2,0,0,2
71838,0,0,0,1,2,1,0,0,1,0,0,1,0,0,0,0,0,2,1,0,1
71839,2,1,0,1,1,2,1,0,1,1,0,0,1,1,0,1,1,1,0,1,1
71841,1,2,0,1,0,1,0,1,2,0,0,1,2,0,0,1,2,2,1,1,1
71842,0,1,0,1,0,2,0,0,2,0,0,0,1,0,0,0,2,1,1,0,1
71843,0,1,1,1,0,1,0,0,2,0,1,1,1,0,0,0,1,2,1,1,1
71844,2,1,1,1,1,1,1,0,1,1,1,0,0,0,0,2,1,1,2,0,1
71845,1,0,0,0,1,2,0,0,1,1,0,0,2,0,0,1,1,2,1,0,1
71846,1,0,0,1,0,2,0,0,2,1,0,0,2,0,0,2,1,2,0,1,1
71847,1,0,0,0,1,1,0,0,2,0,0,0,2,0,1,1,1,2,1,0,1
71848,0,1,1,1,1,2,0,0,1,0,0,0,2,0,0,0,1,1,0,0,1
71849,1,1,0,2,1,2,1,0,0,1,1,0,1,0,1,0,0,2,0,0,1
71850,2,0,1,1,0,1,1,0,2,0,1,0,1,0,0,1,1,1,1,1,1
71851,1,1,0,0,2,2,0,0,2,1,0,1,1,0,1,1,1,2,1,0,1
71852,1,1,0,2,1,1,0,0,2,0,0,0,2,0,0,1,1,1,1,1,1
71853,1,1,1,1,0,2,1,0,2,0,0,1,1,0,2,1,0,2,1,0,1
71855,0,0,1,0,1,0,1,0,1,0,2,0,1,0,0,0,1,2,0,0,1
71856,0,0,0,0,0,1,0,0,2,0,0,0,2,0,0,1,1,2,0,1,1
71857,0,1,1,1,0,1,0,0,2,0,0,0,2,0,0,1,1,1,1,0,1
71858,0,1,1,2,0,2,0,0,2,0,0,1,1,1,1,1,0,2,0,1,1
71859,1,1,0,2,1,1,0,1,1,1,1,0,2,0,1,0,1,2,0,1,1
71860,0,1,0,1,0,2,0,0,2,0,0,1,1,0,0,0,0,1,1,0,1
71861,0,1,0,0,0,2,0,0,2,0,2,0,2,0,0,1,1,2,1,1,2
71862,1,1,2,1,1,1,0,0,2,1,0,1,1,0,0,1,0,1,1,0,1
71863,2,1,1,0,1,2,1,1,1,1,1,0,0,0,0,2,0,2,2,0,1
71865,1,2,0,1,0,0,0,0,2,0,0,1,1,0,0,1,2,2,1,1,1
71866,0,1,0,1,0,1,0,0,1,1,1,0,1,0,0,0,0,2,1,2,1
71867,0,2,0,1,1,2,0,0,2,1,1,0,1,0,0,1,1,2,1,0,1
71868,0,1,0,2,0,1,1,0,2,0,1,1,1,0,0,0,0,2,1,0,1
71870,0,2,0,1,1,1,1,0,2,0,0,0,1,0,0,0,1,1,0,1,1
71871,0,1,0,0,2,1,0,0,2,0,1,1,2,0,0,2,2,0,1,0,2
71873,0,1,0,1,1,1,0,0,0,0,0,0,0,0,1,1,2,2,0,0,1
71875,0,2,0,0,0,2,1,0,2,0,0,0,2,0,1,1,0,2,0,1,1
71876,1,2,0,1,0,2,0,0,2,1,0,0,0,0,0,0,1,2,0,1,1
71877,1,1,1,0,1,2,0,0,2,1,0,1,0,0,1,1,0,1,1,0,1
71878,0,2,1,0,0,1,0,0,2,0,0,0,2,0,1,0,0,2,0,0,1
71879,0,1,1,1,0,1,0,0,1,1,0,1,1,0,0,0,1,1,1,0,1
71880,0,0,0,1,1,1,0,0,2,0,1,0,1,0,0,0,2,1,0,0,1
71881,1,1,0,1,2,2,1,0,2,0,0,0,1,1,0,1,1,2,1,0,1
71882,0,1,0,1,1,2,0,1,1,1,0,0,1,0,0,0,0,2,0,1,1
71883,1,1,0,0,0,1,0,0,2,0,1,0,1,0,0,1,2,2,0,0,1
71884,0,0,0,2,0,1,0,1,2,0,0,1,2,0,1,1,1,1,0,0,1
71885,1,0,0,1,2,1,1,1,2,1,2,2,0,1,0,1,0,2,0,1,2
71886,0,1,2,0,2,0,0,0,1,2,0,0,2,0,0,0,1,2,0,0,1
71887,1,0,0,0,2,1,0,0,2,0,0,1,0,0,0,2,1,0,0,1,1
71889,1,2,1,0,1,2,0,0,2,0,0,1,1,0,0,1,1,2,0,2,1
71890,1,2,0,0,1,1,0,0,2,0,0,0,2,0,0,0,2,1,1,0,1
71891,0,2,0,1,0,1,0,0,1,1,0,1,2,1,0,0,0,1,0,0,1
71892,1,1,1,0,1,2,1,0,2,0,1,0,1,1,0,1,1,1,0,1,1
71893,1,0,0,0,1,1,1,0,2,0,0,0,1,0,0,0,0,2,0,0,1
71895,0,2,1,2,1,2,0,0,2,0,0,2,2,0,0,2,1,1,1,0,1
71896,0,2,0,0,2,1,0,0,1,1,1,1,0,0,0,1,1,1,1,0,1
71897,0,0,0,0,1,1,0,0,2,0,0,0,1,0,0,0,2,2,0,1,1
71898,1,2,1,1,0,2,0,0,2,2,0,0,2,0,0,0,1,2,0,0,1
71899,1,2,0,0,0,1,0,0,2,0,0,0,1,0,1,1,0,2,1,0,1
719,1,0,0,1,0,1,0,0,2,0,0,1,2,0,0,1,0,2,0,0,1
71900,0,1,0,1,0,1,0,0,2,0,0,1,0,0,1,0,1,1,1,1,1
71901,0,1,0,0,1,2,0,0,1,1,1,1,1,0,0,0,1,1,1,0,1
71902,1,2,0,0,2,2,0,0,2,0,0,1,2,0,0,1,0,2,1,0,2
71903,0,1,0,1,2,1,0,0,2,1,1,0,0,0,1,0,1,1,0,0,1
71904,0,0,0,2,1,2,1,0,1,0,1,0,0,0,0,0,1,2,0,0,1
71906,1,1,1,1,1,2,0,0,1,1,0,1,2,1,1,1,1,2,1,0,1
71907,1,1,0,1,1,2,1,0,2,0,1,0,1,0,0,0,0,1,0,1,1
71908,0,2,0,1,1,1,0,0,2,0,0,0,2,0,1,0,1,2,1,0,1
71909,1,2,0,1,1,1,1,1,2,0,1,0,1,0,0,1,1,2,0,0,1
71910,2,1,0,2,1,1,0,0,1,1,0,0,0,0,0,2,1,2,0,0,1
71911,0,0,1,1,1,1,0,0,2,0,0,0,1,0,0,0,1,2,1,0,1
71912,1,1,0,0,1,0,0,0,2,0,0,1,1,0,0,1,0,1,0,1,1
71913,1,1,0,0,1,1,0,0,1,0,1,1,2,0,0,1,1,2,1,0,1
71915,1,1,0,1,2,2,0,0,1,1,1,2,2,1,1,1,0,2,0,0,1
71916,2,0,1,0,1,1,1,0,1,1,1,0,2,0,0,1,0,1,1,0,1
71917,1,1,0,2,2,1,1,0,1,0,0,0,1,0,1,1,0,2,2,1,1
71918,0,1,0,1,2,2,0,0,1,1,0,0,1,0,1,0,0,2,1,1,1
71919,0,0,0,0,2,2,0,0,2,0,0,2,1,0,0,0,0,1,2,0,1
71920,1,1,1,0,0,2,0,0,2,1,0,0,2,0,0,1,0,2,0,1,1
71922,1,2,0,1,2,2,0,0,1,1,0,0,1,0,0,1,1,1,1,1,1
71923,0,0,1,2,1,2,0,0,2,1,1,0,2,0,0,0,1,2,1,0,1
71924,0,0,1,2,0,1,0,0,2,0,0,1,1,0,0,0,1,2,0,2,1
71925,0,1,0,0,0,2,1,0,2,0,0,1,2,0,0,1,2,2,1,1,1
71926,1,2,0,0,2,2,0,0,2,0,1,1,2,0,0,1,1,2,0,0,1
71927,0,1,0,2,0,2,0,0,2,0,0,1,1,0,0,0,0,2,0,0,1
71928,1,1,0,1,1,1,0,0,2,0,0,0,2,0,0,1,0,2,0,1,1
71929,1,0,0,1,2,1,1,0,2,0,1,0,1,0,0,2,0,2,1,1,1
71930,0,1,0,1,1,1,1,0,2,0,0,1,2,0,0,1,2,1,0,0,1
71931,0,1,0,0,1,2,0,0,1,1,0,0,2,0,0,0,1,2,0,0,1
71932,0,1,0,1,1,2,1,0,1,0,1,0,1,0,1,0,0,1,1,0,1
71933,1,0,0,0,0,1,1,0,2,0,0,1,1,0,0,1,0,1,1,0,1
71934,1,2,1,2,1,2,0,0,2,0,1,0,2,0,0,2,0,2,0,0,1
71935,0,1,0,1,2,2,0,0,2,0,0,0,1,0,1,1,0,2,0,0,1
71936,2,1,0,0,1,1,1,0,2,0,2,1,0,0,0,2,1,2,0,2,1
71937,0,2,1,1,0,1,1,0,2,1,1,0,2,1,0,0,1,2,1,1,1
71938,0,0,0,1,1,0,0,0,2,0,1,0,2,0,1,1,0,2,0,0,1
71939,1,2,0,0,1,2,1,0,2,0,0,0,2,0,0,1,1,2,0,1,2
71940,1,1,0,1,0,2,0,0,2,0,0,1,1,0,1,1,0,1,0,0,1
71941,2,2,1,2,0,1,0,0,1,1,1,1,1,0,1,0,0,1,0,0,1
71942,0,1,0,1,2,1,0,0,2,0,0,0,1,0,1,1,0,2,0,0,1
71943,0,2,0,2,0,2,0,0,1,1,0,1,2,0,0,0,0,2,2,0,1
71944,1,1,0,1,0,2,0,0,1,0,0,0,2,0,1,2,0,2,1,1,2
71945,1,2,0,0,0,1,0,0,2,0,0,0,2,0,0,1,0,1,0,0,1
71946,1,1,0,1,1,2,0,0,2,0,0,1,1,0,0,1,1,1,1,1,1
71947,2,1,0,0,1,1,0,0,2,0,1,0,2,0,0,1,1,2,0,0,1
71948,2,0,0,2,2,0,0,1,1,1,0,0,2,0,0,1,0,0,1,0,1
71949,1,1,0,0,0,1,1,1,1,1,1,0,2,0,0,1,2,2,0,1,1
71950,0,1,1,2,1,2,1,0,2,0,0,0,0,0,0,1,1,2,0,0,1
71951,0,0,0,1,0,2,0,0,2,0,2,0,2,1,1,0,0,2,1,0,1
71952,1,2,0,1,1,2,0,0,1,0,1,1,2,1,0,1,1,1,0,1,1
71954,0,2,1,1,0,2,0,1,2,0,0,1,2,0,0,0,1,2,1,0,1
71955,1,0,1,0,1,1,0,0,2,0,0,1,1,0,0,1,1,1,2,0,1
71956,1,1,0,0,1,1,0,0,2,0,0,0,2,0,0,1,0,2,0,1,1
71958,0,0,0,1,1,2,0,0,2,0,0,0,1,0,0,0,0,2,0,1,1
71959,0,1,0,1,1,2,0,0,1,1,1,0,1,1,0,0,1,2,1,0,1
71960,0,1,1,0,1,2,1,0,2,0,1,1,1,1,0,0,0,2,0,1,1
71961,1,0,1,1,0,1,1,0,2,1,0,1,2,1,1,1,2,2,0,0,1
71962,0,1,0,1,1,2,0,0,2,0,0,0,0,0,2,0,0,0,0,0,1
71963,1,1,1,1,2,1,1,0,2,0,0,1,2,0,0,1,1,2,1,0,1
71964,0,0,0,1,1,2,0,0,2,0,0,2,1,0,1,0,1,2,0,0,1
71965,0,1,0,0,1,2,0,0,2,0,0,0,2,0,0,1,0,2,0,1,1
71966,1,0,1,0,0,0,0,0,2,0,1,0,1,0,0,1,2,2,1,0,1
71967,0,1,0,1,2,2,1,0,2,0,0,0,2,0,0,0,2,2,0,0,1
71968,0,2,1,1,1,2,1,0,2,0,0,0,1,0,0,1,2,1,0,1,1
71969,1,1,0,1,1,2,0,0,2,0,0,1,2,0,0,1,0,2,0,0,1
71970,1,2,0,0,1,1,0,0,1,0,0,1,1,0,0,0,0,2,0,0,1
71971,1,1,0,0,0,2,1,0,2,1,0,0,2,0,0,1,0,0,1,1,1
71972,1,1,0,1,1,1,1,0,2,0,2,0,2,1,0,0,0,1,0,1,1
71973,1,1,0,0,1,2,0,0,2,0,1,1,1,0,1,1,1,1,0,0,1
71974,0,0,0,2,1,1,0,1,2,0,0,0,1,0,0,0,0,2,0,0,1
71975,1,1,0,1,0,2,0,0,2,1,1,0,1,1,0,1,1,2,0,0,1
71976,0,1,0,2,1,2,2,0,2,0,1,1,2,0,1,1,0,1,1,0,1
71977,1,2,0,2,1,1,0,0,2,0,0,1,2,0,0,1,0,2,1,0,1
71978,1,2,1,1,1,1,0,0,2,0,0,0,1,0,0,1,1,0,0,0,1
71979,1,2,0,0,1,0,0,0,2,0,0,1,2,0,0,0,1,2,0,0,1
71980,0,1,1,1,0,2,0,0,1,1,0,1,1,0,0,2,1,1,0,0,1
71981,1,0,2,1,0,1,0,0,2,0,1,0,2,0,0,1,0,2,0,0,1
71982,0,1,0,1,2,2,0,0,2,0,0,1,0,0,0,1,0,1,0,0,1
71983,0,0,0,2,2,0,0,0,2,0,0,1,1,0,0,0,2,2,0,0,1
71984,1,1,0,1,1,2,0,0,1,0,1,0,1,0,2,1,0,2,0,0,1
71985,0,0,0,1,2,0,0,1,1,1,1,2,0,0,1,0,1,1,1,0,1
71986,0,1,1,2,2,1,0,0,2,0,0,0,1,0,1,0,0,2,1,1,1
71987,0,2,0,1,0,2,0,0,2,0,0,0,1,0,1,0,0,2,1,1,1
71988,1,1,1,1,1,2,0,0,2,0,1,1,0,0,0,2,0,2,1,1,1
71989,0,1,2,1,1,1,0,0,1,0,0,0,0,0,0,0,0,2,2,0,1
71991,0,0,0,1,0,1,0,0,2,0,0,1,1,1,0,1,1,1,2,0,2
71992,1,0,0,1,0,0,0,0,2,0,1,0,2,0,0,0,0,2,1,0,1
71993,0,1,0,0,1,0,1,0,2,0,0,1,2,1,0,0,0,1,0,0,1
71994,2,1,2,2,2,0,1,1,2,0,0,1,0,0,0,1,1,2,0,0,1
71995,1,1,1,0,0,1,0,1,1,2,1,0,2,1,0,1,0,2,1,0,1
71996,1,2,0,1,0,2,1,0,2,0,0,1,2,0,0,1,1,1,0,0,2
731,2,1,0,0,0,2,0,0,2,0,1,1,1,0,0,2,0,2,2,0,1
732,2,2,0,1,0,1,1,0,0,1,1,0,1,1,1,1,1,2,0,1,1
736,0,2,0,1,1,2,1,0,1,0,0,0,2,0,0,1,1,1,2,0,1
742,0,1,0,2,1,2,1,0,2,0,1,1,1,0,0,1,0,2,0,1,1
744,0,2,0,1,0,2,1,0,2,0,0,0,1,1,0,1,0,1,0,0,1
74458,0,0,0,1,0,2,0,1,2,0,2,0,2,0,0,0,1,2,1,1,1
746,1,0,0,0,2,2,0,0,2,0,1,0,1,1,0,0,1,2,2,0,1
751,2,2,0,1,1,2,1,1,0,1,1,0,1,1,0,2,2,1,1,0,1
76348,0,1,0,1,1,2,1,0,1,1,2,0,1,0,1,0,0,1,0,0,2
76349,0,0,0,0,1,1,1,0,2,1,0,0,2,0,0,0,0,1,0,0,1
76350,1,2,1,0,0,2,0,0,1,1,0,1,0,0,0,1,0,2,1,1,1
76351,1,0,0,0,2,1,0,0,2,0,0,0,2,0,0,1,0,1,0,1,1
76352,2,1,1,2,1,2,1,0,2,0,0,1,0,0,0,2,0,2,0,0,1
76353,1,0,0,1,1,1,1,1,2,0,0,0,2,0,1,2,1,2,2,1,1
766,2,0,1,1,2,2,1,0,1,1,1,0,1,0,0,2,1,1,0,0,1
775,0,2,2,2,1,2,0,0,0,0,1,1,1,0,0,0,1,1,0,2,1
777,1,1,0,1,1,2,0,0,2,0,1,0,1,0,0,1,0,1,0,0,1
783,1,0,0,0,1,2,0,1,2,0,1,0,2,1,0,1,1,1,0,0,1
785,1,2,1,1,2,2,2,0,1,1,0,0,0,1,2,1,1,2,0,0,1
786,0,1,1,1,0,2,0,0,2,0,0,1,1,0,1,0,0,1,1,1,1
787,2,1,0,0,1,1,1,0,2,0,0,1,2,0,0,2,0,1,0,0,1
791,1,0,2,1,0,1,0,0,2,0,0,1,1,0,0,1,1,2,0,0,1
797,0,1,0,0,1,2,0,0,1,0,1,1,0,0,0,0,0,2,1,0,1
812,0,1,1,0,0,2,0,0,2,0,0,1,1,1,0,1,1,2,2,1,2
813,1,1,0,1,1,1,0,0,1,1,0,0,1,0,1,0,0,2,0,0,1
816,0,1,0,1,1,2,0,0,0,1,0,0,1,0,0,0,1,2,0,0,1
828,1,0,1,1,0,2,0,0,2,0,1,0,1,0,0,1,1,1,1,0,1
834,1,0,0,1,0,2,1,0,1,0,1,0,1,0,1,1,2,1,1,1,2
843,1,1,1,0,2,1,1,0,2,0,0,1,1,0,1,2,2,1,1,0,1
849,0,0,0,1,2,2,0,0,1,0,1,1,0,0,0,0,0,2,1,0,1
850,1,1,0,1,1,1,0,0,2,0,0,1,2,0,0,2,1,2,1,0,1
851,0,1,0,1,1,2,1,1,1,1,1,0,2,0,0,1,1,1,1,0,1
859,0,1,1,0,1,1,0,0,2,0,1,1,1,0,0,1,2,1,1,0,1
871,1,2,0,2,1,2,0,0,2,0,0,0,1,0,0,0,0,2,0,1,1
886,1,0,0,1,1,1,1,0,1,0,0,1,1,0,0,1,2,1,1,0,1
892,0,1,1,2,1,1,0,0,1,1,1,0,0,0,0,1,0,1,0,0,1
894,0,2,1,1,0,1,1,0,2,0,0,1,1,1,0,0,2,1,0,1,1
896,1,2,0,0,0,2,1,0,1,0,0,1,0,0,0,1,0,2,0,0,1
931,2,1,0,0,1,2,0,0,2,0,2,0,1,0,0,1,1,2,1,0,1
933,1,1,0,1,0,1,0,0,2,0,1,0,0,0,0,1,1,1,1,0,1
937,0,0,0,1,2,2,0,0,1,0,0,1,1,0,0,1,1,1,1,0,1
946,1,0,0,1,0,1,0,0,1,1,0,0,2,1,0,2,1,2,0,0,1
948,0,1,0,1,1,2,0,0,1,0,1,2,1,1,0,0,1,2,1,0,1
952,1,0,1,1,1,2,0,0,2,1,2,1,1,0,1,1,1,1,1,1,1
962,1,2,0,0,2,1,2,0,1,0,0,0,1,1,0,1,0,1,1,1,1
966,1,2,1,1,1,1,1,0,0,1,1,1,2,0,0,1,2,1,0,0,2
976,0,0,1,1,2,2,1,0,1,1,1,1,1,0,0,0,2,2,0,0,1
981,2,1,0,0,1,2,1,0,1,0,0,1,1,0,1,0,1,1,0,0,1
991,2,1,1,2,0,2,0,0,2,0,0,1,1,1,1,2,2,1,0,0,1
MAP15387421,0,0,0,1,0,1,0,1,2,1,0,2,2,1,0,1,0,2,1,0,1
MAP22868024,0,1,0,1,1,2,1,0,1,1,0,1,0,0,0,0,0,2,1,0,1
MAP26637867,1,1,0,1,2,2,1,0,2,0,0,0,1,1,0,0,1,1,0,0,1
MAP29629849,1,1,0,2,1,0,0,0,2,0,0,1,1,0,0,1,0,2,0,1,1
MAP33332646,1,1,0,2,1,0,1,1,2,0,0,0,2,0,1,2,1,2,1,0,1
MAP34726040,1,1,0,0,1,1,0,2,1,0,0,0,2,0,1,1,0,1,0,1,1
MAP46246604,0,1,0,0,0,2,0,0,2,0,1,0,2,0,1,1,0,1,0,1,1
MAP46251007,0,0,0,0,0,1,0,0,2,0,0,1,2,0,0,0,1,2,0,0,1
MAP50103679,0,1,1,1,2,2,2,0,1,0,2,1,1,0,0,1,2,1,0,0,1
MAP50104134,0,0,1,2,1,1,1,0,1,0,0,0,1,0,0,0,0,2,1,0,1
MAP50104846,0,1,1,0,1,1,1,0,1,1,0,0,1,1,0,1,2,2,0,0,1
MAP50106442,2,1,0,2,2,2,1,0,2,0,1,1,1,0,0,1,2,1,0,1,1
MAP50106992,0,2,0,0,1,1,2,0,2,0,0,0,1,1,0,1,1,2,1,0,1
MAP50108462,0,0,0,1,0,1,0,0,1,0,0,0,1,0,0,0,0,2,0,1,1
MAP50301099,1,1,0,0,1,2,1,0,2,0,0,0,1,0,1,2,0,0,2,1,1
MAP50302680,0,2,0,0,1,2,1,0,2,0,0,1,0,0,0,0,0,2,1,0,1
MAP50402431,1,1,2,0,0,2,0,0,2,0,1,0,2,1,0,0,1,2,1,1,1
MAP50409406,0,0,0,0,0,1,1,0,2,0,0,0,2,1,0,0,0,1,0,0,1
MAP61344957,0,1,0,0,1,2,1,0,1,0,1,1,1,0,0,0,1,2,1,0,1
MAP85980779,0,0,0,2,1,2,0,0,2,0,1,1,1,0,0,0,1,2,0,0,1
MAP87264456,1,1,1,0,1,1,0,0,2,0,0,0,2,0,0,1,1,1,0,0,1
MAP89164957,0,0,1,0,1,1,2,0,1,1,1,0,1,0,1,0,0,1,0,0,1
MAP93787649,0,1,0,2,1,0,0,0,2,0,0,0,1,0,0,0,0,2,1,0,1
MAP95330358,2,1,0,0,1,2,0,0,2,0,1,0,1,0,0,2,1,2,1,0,1
MAP95453354,1,0,0,1,0,0,0,0,2,0,0,1,1,0,0,0,0,1,0,0,1
ROS10524640,0,0,0,0,1,1,1,0,1,1,0,2,2,0,0,1,0,2,0,1,1
ROS11430815,1,0,1,1,1,2,0,0,2,0,0,0,2,0,0,1,1,1,0,0,1
ROS11697592,2,0,0,0,0,2,1,0,2,0,1,0,2,0,0,2,1,1,1,2,1
ROS15114174,1,2,1,2,1,0,0,0,1,1,1,0,2,1,0,1,0,1,0,0,1
ROS15738428,0,2,0,2,0,1,0,1,2,0,0,0,1,0,0,2,1,2,1,0,1
ROS20225051,1,1,1,2,1,1,0,0,2,0,0,2,2,0,0,1,1,1,0,0,1
ROS20251553,0,1,1,1,0,1,0,0,2,0,0,0,1,0,0,2,1,1,2,0,1
ROS20254452,1,2,1,1,0,2,0,0,2,0,0,1,2,1,0,1,1,1,0,0,1
ROS20275399,0,0,1,0,0,2,0,0,1,1,1,0,1,0,0,0,1,1,0,0,1
ROS20327084,0,1,0,1,2,1,2,0,2,0,0,0,1,0,0,0,0,2,0,1,1
ROS20376029,1,1,0,0,2,0,0,0,2,0,0,1,1,0,1,1,1,1,1,0,1
ROS20945666,0,1,0,0,0,0,0,0,2,0,0,0,1,0,0,0,1,1,0,1,1
ROS20946257,2,0,1,2,0,1,0,0,2,0,1,0,1,0,0,1,1,1,1,1,1
ROS20990085,1,0,0,1,2,2,1,0,1,0,0,0,2,0,0,1,1,1,2,0,1
ROS20998065,0,0,0,0,1,2,0,0,2,0,0,0,2,0,0,0,0,2,1,0,1
ROS21001807,0,1,0,1,1,1,0,0,0,0,0,0,2,1,1,1,0,2,0,1,1
ROS21112011,0,0,0,2,1,1,1,0,2,0,2,2,0,0,0,0,1,2,1,0,1
ROS21113864,0,2,0,0,0,2,1,0,2,0,0,0,1,0,1,0,1,1,2,1,1
ROS21274866,0,0,0,1,1,2,0,0,2,0,0,1,2,0,0,0,1,1,1,0,1
ROS79590778,1,2,1,1,1,1,0,1,2,0,1,0,2,0,0,1,1,2,1,1,1
SM-CJEFQ,2,0,1,2,0,2,1,0,2,0,0,1,0,0,0,2,1,2,0,0,1
SM-CJEFR,1,1,0,0,2,0,0,0,2,0,0,1,1,0,1,1,1,1,1,0,1
SM-CJEFS,1,1,1,1,1,1,0,0,1,1,0,1,0,0,0,1,0,2,0,0,1
SM-CJEFU,0,1,0,2,1,0,0,0,2,0,0,1,2,1,1,1,1,2,1,0,1
SM-CJEFV,0,0,0,0,1,1,0,0,2,0,0,0,1,0,0,1,1,1,1,1,1
SM-CJEFW,0,0,0,0,0,1,1,0,2,0,0,0,1,0,1,0,1,2,0,1,1
SM-CJEFX,1,1,1,0,1,2,1,0,2,0,0,2,1,0,0,1,1,1,1,1,1
SM-CJEFY,1,0,1,1,1,1,0,0,2,0,1,1,2,1,0,1,0,1,1,1,1
SM-CJEFZ,1,1,2,0,0,2,0,0,2,0,1,0,2,1,0,0,1,2,1,1,1
SM-CJEG1,0,1,0,0,1,1,0,0,2,0,0,0,2,0,0,0,0,2,1,0,1
SM-CJEG3,0,2,0,1,0,1,0,0,1,1,1,1,0,1,0,0,0,1,1,0,1
SM-CJEG4,0,0,1,0,0,2,2,0,2,0,0,0,1,0,1,0,0,2,2,0,1
SM-CJEG6,1,2,0,2,0,2,0,0,2,0,1,1,1,0,0,1,0,2,0,1,1
SM-CJEG7,1,1,0,1,2,1,1,0,0,0,0,0,1,0,1,1,1,1,0,0,1
SM-CJEG8,1,1,0,1,1,1,0,0,2,0,1,0,1,1,0,1,1,1,2,1,1
SM-CJEG9,0,1,1,1,0,2,1,0,2,0,0,0,2,0,0,0,1,2,1,0,1
SM-CJEGA,1,2,1,0,1,2,0,0,2,0,0,0,0,0,1,1,0,1,0,1,1
SM-CJEGB,2,2,1,0,1,1,0,0,0,1,1,0,1,0,0,2,0,2,0,0,1
SM-CJEGC,0,1,1,0,0,2,1,0,1,1,0,1,1,0,0,1,1,2,1,0,1
SM-CJEGD,0,2,1,0,2,2,0,0,2,0,0,0,1,0,0,0,2,2,0,0,1
SM-CJEGE,0,2,1,2,2,1,0,0,2,1,0,0,1,1,0,0,0,1,1,0,1
SM-CJEGF,1,1,1,0,0,2,0,0,2,0,1,0,0,0,1,1,2,2,0,0,1
SM-CJEGG,0,2,0,0,1,0,0,0,1,0,1,0,2,0,0,1,1,2,2,1,1
SM-CJEGH,1,0,0,0,0,2,1,0,1,0,0,0,0,0,1,1,1,2,0,0,1
SM-CJEGI,1,1,1,0,0,0,2,0,2,0,1,0,1,0,0,1,0,1,1,0,1
SM-CJEGJ,1,1,0,0,0,2,1,0,2,0,0,0,1,0,0,1,0,2,0,0,1
SM-CJEGK,0,1,0,0,1,1,1,0,2,0,0,1,1,1,0,1,2,1,2,0,1
SM-CJEGM,2,1,0,1,0,0,1,0,2,0,1,1,0,0,0,2,0,2,1,0,1
SM-CJEGN,0,2,0,0,0,1,0,0,1,1,1,1,1,1,0,1,0,2,0,1,1
SM-CJEGO,0,0,0,0,2,0,1,0,2,0,0,1,2,0,0,0,0,2,2,0,1
SM-CJEGP,0,2,0,1,0,2,0,1,1,0,2,1,2,0,0,1,0,0,1,0,1
SM-CJEGQ,0,1,1,1,2,2,1,0,2,0,2,0,1,0,0,0,2,0,0,1,1
SM-CJEGR,1,0,0,0,0,1,0,0,2,0,1,1,1,0,1,0,2,0,0,0,1
SM-CJEGS,1,2,0,1,1,1,0,0,1,0,0,0,1,1,0,1,1,2,1,0,1
SM-CJEGU,1,0,2,1,1,1,0,0,2,0,2,2,1,0,0,0,1,1,0,0,1
SM-CJEGV,1,2,0,1,2,1,1,0,0,0,0,0,2,0,0,1,1,2,1,0,1
SM-CJEGX,1,1,0,1,1,2,0,0,0,1,2,0,1,0,0,0,0,2,0,0,1
SM-CJEGY,1,1,1,2,1,1,1,0,1,1,0,2,2,0,0,1,1,2,0,0,1
SM-CJEGZ,0,0,0,0,1,1,1,0,1,1,0,2,2,0,0,1,0,2,0,1,1
SM-CJEH1,1,1,0,1,0,1,0,1,2,0,0,1,1,0,1,2,1,2,0,0,1
SM-CJEH2,0,1,0,1,2,2,0,0,2,0,0,0,2,0,0,1,1,1,0,0,1
SM-CJEH3,0,1,2,2,2,1,1,0,2,0,1,1,0,0,1,0,0,1,2,0,1
SM-CJEH4,1,0,0,1,2,1,0,0,1,1,0,1,2,1,0,0,2,2,0,0,1
SM-CJEH5,0,2,0,1,1,1,1,0,1,1,0,1,2,0,0,2,0,1,1,1,1
SM-CJEH6,1,2,0,0,0,2,0,0,2,0,0,1,1,0,0,1,2,1,0,1,1
SM-CJEHA,1,1,0,0,0,2,0,0,1,0,1,0,1,1,0,0,1,2,2,0,1
SM-CJEHD,2,2,1,0,1,2,1,0,2,0,2,1,1,1,0,2,0,2,0,0,1
SM-CJEHE,1,0,2,0,0,2,0,0,2,0,2,2,0,0,0,0,1,1,1,0,1
SM-CJEHF,1,0,1,1,0,2,1,0,2,0,0,0,1,0,0,2,1,0,1,0,1
SM-CJEHG,2,1,1,0,2,2,0,0,2,0,1,1,1,1,0,2,0,2,0,1,1
SM-CJEHH,1,1,0,1,0,1,0,0,2,0,0,0,2,0,0,1,0,2,1,0,1
SM-CJEHI,1,1,1,2,1,1,0,0,1,1,0,1,2,0,0,1,0,2,2,0,1
SM-CJEHJ,1,0,0,1,0,2,0,0,1,1,1,0,1,1,1,1,2,1,0,1,1
SM-CJEHK,0,0,0,1,1,1,0,0,1,0,1,1,2,0,2,0,1,1,0,0,1
SM-CJEHL,1,1,1,2,1,2,2,0,2,0,0,1,1,1,0,2,1,0,0,0,1
SM-CJEHM,1,0,0,1,1,1,0,0,2,0,1,1,1,0,0,1,0,2,1,1,1
SM-CJEHN,1,1,0,0,0,2,1,0,2,0,1,0,1,0,0,1,1,2,0,1,1
SM-CJEHP,0,2,1,1,2,1,0,0,2,0,0,2,0,2,0,0,0,2,1,1,1
SM-CJEHQ,0,1,0,0,1,1,0,0,2,0,2,0,2,0,0,0,0,2,0,1,1
SM-CJEHR,0,1,1,1,1,1,1,0,2,0,0,0,2,0,0,1,0,1,1,0,1
SM-CJEHS,1,2,0,2,0,2,1,0,1,0,0,0,1,0,0,0,0,0,1,1,1
SM-CJEHT,0,0,1,2,0,1,1,0,2,0,1,0,2,0,0,1,0,2,1,2,1
SM-CJEHU,1,1,0,2,0,2,1,0,1,0,1,1,2,0,0,2,1,1,1,1,1
SM-CJEHV,1,1,1,1,0,2,1,0,2,0,0,1,1,0,0,1,0,1,1,0,1
SM-CJEHW,1,0,0,0,1,2,1,0,2,0,0,1,1,0,0,1,1,2,0,0,1
SM-CJEHX,0,0,1,1,2,2,1,0,2,0,0,1,1,1,1,0,2,1,1,1,1
SM-CJEHY,0,1,0,2,1,1,0,0,2,0,1,1,1,0,0,1,0,0,1,1,1
SM-CJEHZ,1,0,0,0,1,1,0,0,1,0,1,1,1,0,0,1,0,2,0,0,1
SM-CJEI1,1,1,2,2,0,1,0,0,2,0,1,0,2,0,0,1,2,2,1,1,1
SM-CJEI2,2,2,0,1,1,1,0,0,1,0,1,0,1,1,0,2,0,1,1,0,1
SM-CJEI3,0,1,0,1,0,2,0,0,2,0,0,0,2,0,2,0,0,2,1,0,1
SM-CJEI4,0,1,2,1,1,0,0,0,2,0,1,0,1,0,0,0,1,2,1,0,1
SM-CJEI5,2,0,2,0,1,2,0,0,2,0,0,1,1,1,1,2,0,1,0,0,1
SM-CJEI6,0,2,0,0,0,2,0,1,2,0,1,1,2,0,0,0,1,2,0,0,1
SM-CJEI7,2,1,0,0,1,1,0,0,2,0,0,2,0,0,1,2,0,2,1,0,1
SM-CJEI9,0,2,0,0,1,2,1,0,2,0,1,0,1,0,0,0,1,1,0,0,1
SM-CJEIA,0,1,1,2,1,2,0,0,1,0,1,2,1,0,0,0,1,2,0,0,1
SM-CJEIB,1,0,0,1,1,1,1,0,2,0,1,0,2,0,0,1,1,1,1,0,1
SM-CJEIC,0,0,0,1,2,0,1,0,1,0,0,2,1,0,0,0,1,1,0,1,1
SM-CJEID,1,0,0,1,0,1,0,0,2,0,0,0,1,0,0,0,2,2,2,0,1
SM-CJEIE,0,2,0,1,0,1,0,1,1,0,0,0,2,0,0,0,1,2,1,0,1
SM-CJEIH,1,1,0,0,1,1,2,0,2,0,1,1,1,0,0,0,0,2,1,0,1
SM-CJEIJ,2,2,0,1,0,1,1,0,2,0,0,2,0,1,0,2,0,2,0,0,1
SM-CJEIL,0,1,0,1,1,2,0,0,2,0,2,1,2,0,0,1,1,0,0,0,1
SM-CJEIM,0,1,1,2,1,2,0,0,1,0,1,0,2,0,0,1,1,2,0,0,1
SM-CJEIN,1,1,0,2,0,1,1,0,2,0,0,0,1,1,0,1,1,2,0,0,1
SM-CJEIO,1,2,1,1,1,2,1,0,2,1,1,0,1,0,0,0,1,2,1,1,1
SM-CJEIP,0,2,0,0,0,0,0,0,2,1,0,0,2,0,0,1,0,2,0,0,1
SM-CJEIQ,1,0,0,0,0,2,1,0,2,1,0,0,1,0,0,2,0,1,0,0,1
SM-CJEIR,1,0,1,0,1,2,1,0,1,1,1,0,2,0,0,1,1,1,1,1,1
SM-CJEIS,1,1,0,1,0,1,0,0,2,0,0,0,0,1,0,1,2,0,0,0,1
SM-CJEIU,0,1,0,0,1,1,1,0,1,0,0,0,2,0,0,0,1,2,2,0,1
SM-CJEIV,0,1,1,1,0,2,0,0,2,0,0,2,1,0,0,1,2,2,1,1,1
SM-CJEIW,1,2,0,1,1,0,1,0,2,0,0,0,0,0,0,0,1,2,1,0,1
SM-CJEIX,2,1,0,1,2,2,0,0,1,0,0,0,2,0,1,1,0,2,1,1,1
SM-CJEIY,0,0,1,1,1,1,0,1,1,0,2,1,2,1,0,0,0,2,1,0,1
SM-CJEJ2,1,0,0,2,1,1,1,0,2,0,0,1,1,0,0,1,0,2,2,0,1
SM-CJEJ3,0,0,0,0,0,0,0,0,1,1,0,2,1,0,0,1,1,2,0,1,1
SM-CJEJ4,1,1,0,2,0,2,0,0,2,0,1,0,0,0,1,1,1,1,1,0,1
SM-CJEJ5,1,2,1,2,0,2,0,0,2,0,0,0,1,0,0,0,2,2,0,1,1
SM-CJEJ6,1,0,0,1,1,1,0,0,1,0,0,0,0,0,0,1,1,1,1,0,1
SM-CJEJ7,2,1,2,0,0,1,0,0,2,0,1,0,1,0,0,2,1,1,0,0,1
SM-CJEJ8,0,1,1,1,2,2,1,1,1,0,0,1,0,0,0,1,0,2,0,1,1
SM-CJEJ9,1,2,0,1,2,2,1,0,1,0,1,1,0,0,1,1,0,1,0,0,1
SM-CJEJA,1,1,0,0,2,0,1,0,1,1,0,1,2,0,0,1,1,2,0,0,1
SM-CJEJB,1,1,0,1,0,0,0,0,2,0,0,2,2,0,0,0,2,0,0,0,1
SM-CJEJD,1,1,1,2,0,2,0,0,1,0,1,0,1,0,1,1,1,2,1,0,1
SM-CJEJE,0,1,1,0,0,0,0,0,1,1,2,1,2,0,0,1,2,0,1,0,1
SM-CJEJG,1,0,0,0,1,2,1,0,2,0,1,0,1,1,0,1,1,2,0,0,1
SM-CJEJH,1,0,0,2,1,1,0,0,2,1,1,1,0,0,0,0,0,1,1,0,1
SM-CJEJI,0,0,0,0,1,0,1,0,2,0,0,0,0,0,1,1,0,1,0,0,1
SM-CJEJJ,0,1,1,1,0,2,0,0,2,0,1,1,1,0,0,0,2,1,2,0,1
SM-CJEJK,0,2,0,2,1,2,2,0,2,0,1,1,1,0,0,2,0,1,1,1,1
SM-CJEJL,1,1,1,0,1,1,0,0,2,0,1,1,2,0,0,2,1,0,1,1,1
SM-CJEJM,1,1,0,0,0,1,0,0,2,0,1,0,0,0,0,1,0,2,1,1,1
SM-CJEJN,0,0,0,0,0,2,0,0,2,0,1,0,2,0,0,0,1,2,1,1,1
SM-CJEJO,0,0,0,0,2,1,1,1,2,0,0,1,1,0,0,1,0,2,1,0,1
SM-CJEJP,1,0,0,2,2,2,0,0,2,0,0,1,1,0,0,1,0,2,1,0,1
SM-CJEJQ,0,1,1,1,1,2,0,0,1,0,1,0,2,1,0,1,0,2,0,0,1
SM-CJEJR,0,0,0,1,1,2,0,0,2,0,0,2,1,0,0,1,0,0,0,1,1
SM-CJEJS,1,1,0,2,1,1,0,0,1,0,0,1,1,0,1,0,1,2,0,0,1
SM-CJEJT,0,2,1,2,0,2,0,0,1,0,0,1,1,0,0,1,2,1,0,0,1
SM-CJEJU,0,1,1,1,0,2,0,0,1,1,0,1,1,0,1,0,0,1,1,0,1
SM-CJEJV,1,0,0,1,0,2,0,0,1,0,0,1,1,0,1,2,2,0,1,0,1
SM-CJEJW,1,1,1,1,1,1,0,0,2,0,1,0,1,0,0,0,1,2,1,0,1
SM-CJEJY,1,1,1,1,1,2,0,0,2,0,0,1,1,0,0,1,0,1,0,1,1
SM-CJEJZ,1,0,1,1,0,2,0,0,2,0,1,0,1,0,1,2,0,1,1,0,1
SM-CJEK1,0,1,1,0,1,0,0,1,1,0,0,0,1,0,0,1,1,1,1,0,2
SM-CJEK3,1,0,0,0,0,1,0,0,1,0,0,2,2,2,1,1,1,2,1,0,1
SM-CJEK4,0,1,1,2,1,1,0,1,2,0,0,1,2,1,0,0,1,1,0,1,1
SM-CJEK5,1,1,1,1,0,2,0,0,2,0,1,0,1,1,0,1,1,2,0,0,1
SM-CJEK6,1,1,0,1,1,0,0,0,0,0,1,0,1,0,0,0,1,2,1,0,1
SM-CJEK7,1,1,0,1,1,2,0,0,2,0,0,2,2,1,0,0,1,2,0,1,1
SM-CJEK9,1,0,1,1,0,1,0,0,2,0,1,1,2,0,0,1,0,2,1,0,1
SM-CJEKA,0,1,1,1,1,2,2,0,2,0,0,1,1,0,0,1,1,1,0,0,1
SM-CJEKB,0,0,0,2,0,2,0,0,2,0,1,2,0,1,0,1,1,2,2,1,1
SM-CJEKC,0,1,1,1,1,1,1,0,2,0,0,1,1,0,0,1,0,2,1,0,1
SM-CJEKE,2,2,1,1,1,0,0,0,1,2,1,0,1,0,0,1,0,2,2,0,1
SM-CJEKF,1,2,0,0,1,2,1,0,2,0,0,0,1,0,0,1,1,1,0,0,1
SM-CJEKG,1,1,1,0,0,2,0,2,2,0,0,0,1,0,1,2,0,2,2,0,1
SM-CJEKH,1,1,0,2,1,0,1,1,2,0,0,0,2,0,1,2,1,2,1,0,1
SM-CJEKI,1,0,1,0,2,2,0,0,2,0,1,1,1,0,0,1,0,2,0,1,1
SM-CJEKJ,1,0,1,1,2,0,0,0,1,1,0,2,2,1,0,0,2,2,0,1,1
SM-CJEKK,1,1,0,1,0,1,1,0,2,0,1,0,1,0,0,1,0,2,0,0,1
SM-CJEKL,0,0,1,2,0,0,0,0,2,0,0,0,2,0,0,0,0,2,0,0,1
SM-CJEKM,0,1,0,0,2,1,0,0,1,1,1,0,2,0,0,1,1,1,0,0,1
SM-CJEKN,2,2,1,0,1,1,0,0,2,0,1,1,0,0,0,2,1,1,1,1,1
SM-CJEKO,0,1,1,1,0,1,0,0,1,1,0,0,2,0,0,1,1,2,0,0,1
SM-CJEKP,0,2,0,2,0,2,1,0,2,0,0,1,0,1,0,0,1,0,1,0,1
SM-CJEKQ,0,0,0,1,0,1,1,0,2,0,1,0,1,0,0,0,1,1,1,0,1
SM-CJEKR,1,1,1,0,0,1,1,0,1,0,1,1,1,1,0,1,0,1,1,0,1
SM-CJEKS,1,0,1,0,1,1,1,0,1,1,0,2,2,0,0,2,1,1,0,0,1
SM-CJEKV,1,1,2,2,2,2,0,0,2,0,0,1,1,1,0,1,0,0,1,0,1
SM-CJEKW,0,0,2,2,1,2,0,0,1,0,1,0,1,0,0,0,1,1,2,0,1
SM-CJEKX,0,2,0,1,0,2,0,0,2,0,1,0,0,0,0,0,1,0,0,1,1
SM-CJEKY,2,0,0,1,0,2,0,0,2,0,0,0,1,0,0,2,0,1,1,1,1
SM-CJEKZ,1,0,0,0,0,2,1,1,1,0,0,1,1,0,0,2,1,2,0,0,1
SM-CJEL2,0,1,1,0,2,1,1,0,2,0,1,1,1,2,0,1,1,1,1,0,1
SM-CJEL3,0,1,1,0,2,1,1,0,2,0,1,1,1,2,0,1,1,1,1,0,1
SM-CJEL6,1,1,2,1,1,2,1,0,2,0,0,1,1,0,0,2,1,1,0,0,1
SM-CJEL7,1,2,0,1,2,2,0,0,2,0,2,1,0,1,0,1,1,0,0,0,1
SM-CJFK4,1,1,0,1,0,1,0,0,2,0,1,0,1,0,2,2,2,2,0,0,1
SM-CJFK5,1,0,0,1,1,2,0,0,2,0,0,1,0,1,1,2,1,2,0,1,1
SM-CJFK6,1,1,0,1,0,2,0,0,2,0,0,0,0,0,0,0,0,0,0,1,1
SM-CJFK7,1,1,1,1,0,2,0,0,2,0,0,0,2,0,1,1,0,2,0,0,1
SM-CJFK8,1,0,0,1,1,1,1,0,2,0,0,0,2,1,0,1,0,1,0,0,1
SM-CJFK9,1,1,0,1,2,1,0,0,2,0,0,0,1,0,0,1,0,2,1,0,1
SM-CJFKA,0,2,0,2,0,1,1,0,2,0,0,0,1,1,0,1,0,1,0,1,1
SM-CJFKB,0,0,1,0,1,1,0,0,2,0,1,0,0,0,0,0,0,2,0,0,1
SM-CJFKD,0,1,0,2,1,2,0,2,2,1,1,1,1,0,0,0,1,1,1,0,1
SM-CJFKE,1,2,0,0,1,1,0,0,2,0,1,0,1,0,0,1,0,2,0,0,1
SM-CJFKF,1,1,2,1,0,2,0,0,2,0,1,1,0,1,1,1,0,2,1,0,1
SM-CJFKG,0,1,0,1,1,1,1,0,2,0,1,0,1,0,0,1,1,2,0,0,1
SM-CJFKH,0,0,0,1,0,2,0,0,1,1,0,1,1,0,0,0,2,0,0,0,1
SM-CJFKI,0,1,0,0,1,1,0,0,2,0,0,0,1,0,0,1,1,2,0,0,1
SM-CJFKJ,1,1,1,1,2,1,1,0,1,1,0,1,2,0,0,0,0,1,1,0,1
SM-CJFKK,1,0,0,2,0,1,0,1,2,0,0,0,2,0,0,2,1,2,0,1,1
SM-CJFKM,1,1,1,0,1,0,0,0,2,0,0,0,1,0,0,1,1,1,1,0,1
SM-CJFKO,0,0,0,2,1,2,1,0,2,0,0,1,1,0,0,1,1,2,2,0,1
SM-CJFKP,1,2,0,2,0,2,1,0,2,0,1,1,1,0,0,1,0,1,0,0,2
SM-CJFKQ,2,0,0,1,1,0,1,0,2,0,0,0,1,0,0,2,1,1,0,1,1
SM-CJFKR,1,0,0,2,1,1,0,0,2,0,1,1,1,0,0,1,1,2,0,0,1
SM-CJFKS,1,1,1,2,0,2,0,0,2,0,1,1,1,0,1,1,0,2,0,0,1
SM-CJFKT,1,1,0,2,1,0,1,0,2,0,1,1,1,0,1,2,0,0,0,1,1
SM-CJFKU,1,1,0,0,2,0,1,0,0,0,0,0,0,0,1,1,1,2,1,0,1
SM-CJFKV,1,0,1,2,2,2,0,0,2,0,1,1,1,0,0,1,0,2,1,0,1
SM-CJFKW,1,0,0,0,0,1,0,0,2,0,1,0,0,0,1,1,0,1,1,0,1
SM-CJFKX,1,0,2,0,0,2,0,0,2,0,1,0,0,0,0,1,1,0,0,1,1
SM-CJFKY,1,1,1,1,0,1,1,0,2,0,1,1,2,0,0,1,1,2,1,0,1
SM-CJFKZ,0,1,0,0,2,2,0,1,1,0,1,0,2,0,0,1,0,2,0,0,1
SM-CJFL3,2,0,1,2,0,1,0,1,1,0,0,1,1,0,0,2,1,2,0,0,1
SM-CJFL4,1,1,0,0,0,1,1,0,2,0,0,2,2,0,0,1,1,1,0,0,1
SM-CJFL5,2,1,0,1,2,1,0,0,2,0,1,0,0,0,1,1,1,1,1,0,1
SM-CJFL7,1,2,0,1,2,2,1,0,2,0,1,2,2,1,0,1,0,2,0,0,1
SM-CJFL8,0,2,1,1,0,2,0,0,2,1,0,0,2,1,0,0,1,2,1,0,1
SM-CJFL9,0,1,1,0,0,1,0,0,1,0,0,1,2,1,1,0,0,1,0,1,1
SM-CJFLA,0,0,0,0,1,1,1,1,2,0,0,1,0,0,1,0,0,1,1,0,1
SM-CJFLB,1,1,1,1,1,1,0,0,2,0,1,1,2,0,0,1,1,2,0,0,1
SM-CJFLC,1,0,0,2,0,1,0,0,2,0,1,1,1,1,0,2,1,0,0,0,1
SM-CJFLD,1,0,0,0,0,1,2,0,2,0,1,0,1,0,0,1,1,1,2,0,1
SM-CJFLE,0,1,0,2,1,2,0,0,2,0,1,1,2,0,0,1,1,2,0,0,1
SM-CJFLF,2,0,1,2,0,2,0,0,1,1,1,0,0,0,0,2,0,1,0,0,1
SM-CJFLG,1,1,1,1,0,1,1,1,1,0,1,1,0,0,0,1,0,2,0,0,1
SM-CJFLH,1,0,0,0,1,1,1,0,2,0,0,0,1,0,0,1,2,2,0,0,1
SM-CJFLI,0,1,1,1,0,1,1,0,0,0,0,0,0,0,1,0,0,2,1,0,1
SM-CJFLL,0,0,0,1,1,1,0,0,1,1,0,1,0,0,0,0,1,1,1,0,1
SM-CJFLM,0,1,0,2,2,2,1,0,1,0,0,0,2,1,1,0,1,2,0,1,1
SM-CJFLO,2,0,0,2,1,1,1,0,2,0,1,1,1,0,0,2,0,1,0,0,1
SM-CJFLQ,0,2,0,1,2,2,0,0,2,0,1,0,2,0,0,1,0,2,1,1,1
SM-CJFLR,0,2,0,0,2,2,1,0,2,0,0,1,0,0,0,1,0,2,0,1,1
SM-CJFLS,1,2,1,2,0,1,1,1,2,0,0,1,2,0,1,2,2,1,0,1,1
SM-CJFLT,1,0,0,1,0,1,0,0,2,0,2,0,1,0,0,1,0,1,0,1,1
SM-CJFLV,1,2,0,1,0,2,1,0,2,0,1,1,0,0,0,1,1,1,1,0,1
SM-CJFLW,0,1,0,1,0,2,0,0,2,0,0,0,1,0,0,1,0,1,0,0,1
SM-CJFLX,0,0,1,1,1,2,0,0,2,0,0,0,2,0,0,0,1,1,0,0,1
SM-CJFLY,0,1,0,0,1,1,0,0,2,0,0,1,2,0,0,1,1,2,1,0,1
SM-CJFLZ,0,1,0,2,1,2,1,0,2,0,0,2,1,1,1,0,1,1,0,0,1
SM-CJFM1,1,0,1,1,0,1,0,0,2,1,0,1,2,0,0,1,1,2,1,0,1
SM-CJFM2,1,1,0,1,0,0,1,1,1,1,0,0,1,0,0,1,1,2,0,0,1
SM-CJFM3,1,0,0,0,1,0,0,0,1,1,1,0,0,0,0,1,0,1,1,0,1
SM-CJFM4,0,1,0,0,1,2,0,0,1,0,1,2,2,0,0,0,0,1,0,0,1
SM-CJFM5,1,1,0,1,0,2,0,0,1,1,1,1,2,0,0,2,1,1,1,0,1
SM-CJFM6,0,1,1,0,1,0,0,1,2,0,0,0,1,0,2,1,1,2,0,0,1
SM-CJFM7,1,0,2,0,1,2,0,0,2,0,0,0,1,0,0,1,0,2,0,0,1
SM-CJFM8,0,0,0,1,1,1,1,0,2,0,0,0,0,1,1,0,0,0,1,1,1
SM-CJFM9,0,0,1,1,0,1,0,0,2,0,0,1,1,0,0,1,1,2,0,1,1
SM-CJFMA,1,0,0,0,1,2,0,0,2,0,0,1,2,1,0,0,1,2,1,0,1
SM-CJFMB,0,1,1,1,0,2,1,1,1,1,1,0,2,0,0,0,1,2,1,0,1
SM-CJFMD,1,2,0,0,2,2,0,0,2,0,0,0,1,0,0,0,0,1,1,0,1
SM-CJFME,0,1,1,2,1,1,0,0,2,0,1,1,1,1,0,0,0,2,0,0,1
SM-CJFMH,0,2,1,0,1,2,0,0,1,0,1,0,2,0,0,0,2,2,0,0,1
SM-CJFMJ,1,0,0,2,0,1,0,1,2,0,0,0,1,0,0,1,0,0,1,1,1
SM-CJFMK,0,1,1,0,0,1,0,0,2,0,1,1,0,1,0,0,0,2,0,0,1
SM-CJFMM,0,0,0,1,1,2,1,0,1,1,0,1,1,0,0,1,1,1,1,0,1
SM-CJFMO,2,0,0,0,0,1,0,0,1,1,0,1,1,1,0,2,0,1,0,0,1
SM-CJFMP,0,1,0,0,1,1,0,0,2,0,0,1,0,0,0,0,1,2,0,0,1
SM-CJFMQ,2,0,0,0,1,2,0,0,2,0,1,1,0,1,0,2,1,1,1,0,1
SM-CJFMR,2,1,2,0,2,2,1,0,1,0,0,0,0,1,0,1,1,2,1,0,1
SM-CJFMT,1,0,2,2,1,0,0,0,2,0,0,0,1,0,0,1,1,2,1,0,1
SM-CJFMU,1,1,0,0,0,2,0,0,1,0,0,0,1,0,0,1,1,2,0,0,1
SM-CJFMV,1,2,0,0,1,2,1,0,1,1,0,0,1,0,1,1,1,2,0,1,1
SM-CJFMW,1,1,0,1,2,1,1,0,2,0,1,1,1,1,0,1,2,2,1,0,1
SM-CJFMX,0,1,1,0,1,2,0,0,2,0,0,1,2,0,0,0,0,1,2,1,1
SM-CJFMY,1,1,0,2,1,0,1,0,1,0,1,1,1,0,0,1,0,2,0,1,1
SM-CJFMZ,1,0,0,1,1,1,1,0,2,0,1,1,2,0,0,2,1,1,0,1,1
SM-CJFN1,1,1,0,1,2,2,0,0,2,0,0,0,1,0,0,1,1,1,0,0,1
SM-CJFN2,2,1,1,2,1,2,0,0,2,0,0,0,2,1,1,1,2,2,0,1,1
SM-CJFN3,2,1,0,1,1,1,0,0,2,0,0,0,0,0,1,2,0,1,0,0,1
SM-CJFN4,1,0,0,2,1,1,0,1,2,0,0,0,1,0,0,2,0,1,2,0,1
SM-CJFN5,0,1,0,1,0,2,0,0,2,1,0,1,1,0,0,0,1,0,0,0,1
SM-CJFN6,0,1,0,1,1,2,1,0,1,0,1,2,2,0,0,2,1,2,1,1,1
SM-CJFN7,2,0,0,0,0,1,1,1,1,0,2,0,1,0,0,2,1,2,0,0,1
SM-CJFN8,2,1,2,0,1,2,1,0,0,1,0,0,2,0,1,2,0,1,1,0,1
SM-CJFN9,0,1,1,0,0,1,1,1,2,0,0,0,2,0,0,1,1,1,1,0,1
SM-CJFNA,0,1,0,0,0,2,0,0,2,0,1,0,1,0,0,0,1,2,0,1,1
SM-CJFNB,1,1,1,2,2,2,0,0,2,0,0,0,1,0,2,1,0,2,1,2,1
SM-CJFNC,2,1,0,2,2,0,0,0,2,0,0,0,2,0,0,1,0,2,1,0,1
SM-CJFND,1,1,1,1,0,2,0,0,2,0,0,1,2,0,0,0,0,1,1,0,1
SM-CJFNE,2,1,1,1,1,0,0,1,1,1,2,0,2,0,0,2,0,1,2,0,1
SM-CJFNF,0,2,2,0,1,2,0,0,1,0,0,0,1,0,0,1,0,2,0,0,1
SM-CJFNG,2,2,0,1,2,2,0,0,2,0,0,0,1,0,0,1,1,2,2,1,1
SM-CJFNH,0,0,0,0,0,1,0,0,2,0,0,0,2,0,0,1,1,2,1,0,1
SM-CJFNI,1,1,2,2,1,2,0,0,2,0,0,0,2,0,1,1,1,1,1,1,1
SM-CJFNJ,0,0,1,1,0,2,0,0,2,0,0,1,2,0,1,0,0,2,1,0,2
SM-CJFNK,0,1,1,1,0,1,1,0,2,0,1,2,1,0,0,0,1,2,2,1,1
SM-CJFNL,1,1,0,0,0,1,1,1,2,0,1,1,1,0,0,1,0,1,1,1,1
SM-CJFNM,1,1,0,2,0,2,1,0,2,1,0,1,0,0,0,1,2,2,0,0,1
SM-CJFNO,1,2,0,1,1,1,1,0,1,0,0,1,0,0,0,1,1,1,0,0,1
SM-CJFNP,0,2,2,1,2,2,0,0,2,0,0,0,1,0,0,0,1,1,2,1,1
SM-CJFNQ,0,1,0,1,1,2,1,0,1,0,2,0,2,1,0,1,1,1,1,1,1
SM-CJFNR,1,1,0,1,2,2,0,0,2,0,0,0,0,1,0,1,1,2,0,0,1
SM-CJFNS,1,0,0,1,1,2,1,0,2,0,1,0,0,0,0,1,1,2,0,0,1
SM-CJFNT,1,1,0,1,2,2,1,0,2,0,0,0,2,0,1,0,1,1,2,1,1
SM-CJFNU,0,1,0,1,2,2,1,0,2,1,1,0,1,0,1,0,1,1,2,0,2
SM-CJFNV,1,1,0,0,1,2,0,0,1,0,1,0,1,1,0,1,0,2,1,0,1
SM-CJFNW,1,1,0,0,0,1,1,1,2,0,0,1,0,0,0,1,1,0,0,0,1
SM-CJFNX,0,1,0,1,0,2,0,0,1,1,0,2,2,0,1,0,1,2,1,0,1
SM-CJFNY,1,1,1,1,1,2,0,0,2,0,1,0,2,0,0,2,0,2,1,0,0
SM-CJFO1,1,1,0,0,1,1,0,0,2,0,0,0,1,0,0,2,1,2,0,0,1
SM-CJFO2,0,1,0,0,1,1,1,0,2,0,0,0,1,0,0,1,1,1,0,0,1
SM-CJFO3,2,1,1,2,2,2,0,0,2,0,0,0,2,0,0,1,0,2,0,0,1
SM-CJFO4,0,1,1,1,1,2,0,0,1,1,1,0,0,0,1,0,0,1,0,0,2
SM-CJFO5,0,0,0,1,0,2,1,0,1,1,0,0,2,0,1,0,1,2,0,0,1
SM-CJFO6,2,0,0,0,0,1,0,0,2,0,0,1,1,0,0,2,1,2,0,0,1
SM-CJFO7,1,1,0,0,0,2,0,0,2,0,1,0,0,0,0,1,0,2,1,0,1
SM-CJFO8,1,1,0,0,1,0,1,0,2,0,1,0,1,0,0,1,1,2,0,0,1
SM-CJFO9,1,2,2,2,1,1,1,2,1,0,1,0,1,0,0,1,1,2,0,0,1
SM-CJFOA,0,1,0,1,1,0,0,0,2,0,1,0,0,0,1,0,0,1,1,0,1
SM-CJFOC,0,1,0,2,1,2,0,0,1,1,1,0,2,0,0,0,1,2,0,0,1
SM-CJFOD,0,1,0,1,2,1,1,1,2,0,0,0,1,0,0,1,0,2,2,0,1
SM-CJFOE,1,0,0,0,1,2,0,1,1,0,0,0,1,0,0,0,1,1,0,1,1
SM-CJFOF,1,0,1,2,1,2,0,0,2,0,0,1,1,0,0,2,1,1,1,0,1
SM-CJFOH,0,1,0,1,0,0,0,0,1,1,0,1,2,0,1,0,0,1,0,0,1
SM-CJFOI,0,1,0,1,0,0,1,0,2,0,0,1,2,2,0,0,1,1,2,0,1
SM-CJFOJ,1,1,0,2,0,1,0,1,1,0,0,0,1,0,1,1,0,2,1,0,1
SM-CJFOK,1,1,0,0,1,1,0,0,2,0,0,1,0,0,0,1,1,2,0,0,1
SM-CJFOL,1,1,0,1,0,0,1,0,1,0,0,0,0,0,1,2,1,0,0,0,1
SM-CJFOM,2,2,0,1,1,0,0,0,2,0,2,0,1,0,1,1,1,2,1,0,1
SM-CJFON,1,1,0,0,1,2,0,0,2,0,1,1,0,0,0,1,2,2,1,1,1
SM-CJFOO,0,0,1,0,1,2,0,0,2,0,1,1,2,0,0,0,1,1,1,1,1
SM-CJFOP,2,1,0,1,2,1,0,0,1,1,1,1,1,1,0,2,2,1,0,0,1
SM-CJFOQ,0,2,2,2,1,2,0,1,1,1,0,0,2,0,0,0,0,2,0,0,1
SM-CJFOR,1,2,0,1,0,1,1,0,2,0,0,1,2,0,0,0,2,1,0,1,1
SM-CJFOS,1,1,1,1,1,1,1,1,1,0,1,0,2,0,0,1,2,2,1,0,1
SM-CJFOT,1,1,1,1,0,1,0,0,2,0,0,0,1,1,1,2,0,1,0,0,1
SM-CJFOU,1,0,0,1,2,2,0,0,2,0,1,1,2,0,1,1,1,1,0,0,1
SM-CJFOV,0,0,1,2,1,1,0,0,1,0,0,0,0,0,0,0,0,2,0,0,1
SM-CJFOW,1,1,0,1,2,1,0,0,2,0,1,0,2,0,1,1,1,1,1,0,1
SM-CJFOX,1,1,0,1,1,2,0,0,1,0,0,1,1,1,1,1,2,2,1,0,1
SM-CJFOY,0,0,1,0,0,2,0,0,2,0,1,0,0,0,0,0,0,2,0,0,1
SM-CJFOZ,0,0,0,1,1,1,0,0,2,0,0,1,2,0,2,1,1,1,1,1,1
SM-CJFP1,2,0,2,1,1,0,1,0,2,0,0,0,2,1,0,2,0,1,1,1,1
SM-CJFP2,2,1,1,0,1,2,1,0,0,1,1,0,2,1,1,2,1,1,2,0,1
SM-CJFP3,1,0,1,2,0,0,0,0,2,0,0,0,2,0,0,0,0,0,0,0,1
SM-CJFP4,0,1,0,1,2,1,0,0,1,0,0,0,1,0,0,0,1,2,0,1,1
SM-CJFP5,0,1,0,0,0,1,1,0,2,0,0,0,2,0,0,0,2,2,1,0,1
SM-CJFP6,0,1,0,0,1,1,0,0,1,0,0,0,1,0,1,0,0,2,1,0,1
SM-CJFP7,1,2,0,0,1,2,0,0,1,1,0,1,1,1,0,0,1,2,1,0,1
SM-CJFP8,1,0,0,1,1,2,1,1,2,0,0,1,1,1,0,1,1,2,1,0,1
SM-CJFP9,1,0,0,2,0,2,0,0,1,1,1,0,2,0,0,1,2,2,0,0,1
SM-CJFPA,2,1,0,1,1,1,0,0,2,0,0,1,2,0,0,0,1,2,1,0,1
SM-CJFPB,2,2,0,0,0,2,0,0,2,0,0,1,0,0,0,2,0,1,0,0,1
SM-CJFPC,0,0,0,1,1,0,0,0,2,0,0,1,0,0,0,0,0,1,1,0,1
SM-CJFPD,2,0,0,1,0,2,0,0,2,0,0,1,2,0,0,2,0,0,0,0,1
SM-CJFPE,1,0,0,0,2,1,1,0,2,0,0,0,2,0,0,1,1,1,0,0,1
SM-CJFPF,0,2,0,1,0,1,1,0,0,1,0,0,2,1,0,1,0,1,1,0,1
SM-CJFPG,1,1,0,2,1,1,0,0,1,1,2,0,2,0,0,1,1,1,1,0,1
SM-CJFPH,0,1,0,1,1,0,0,0,1,0,1,1,1,1,1,0,2,2,1,0,1
SM-CJFPI,1,2,0,0,2,1,1,0,2,0,0,1,1,0,0,1,0,1,1,0,1
SM-CJFPJ,1,1,2,1,1,1,0,0,2,0,1,0,2,2,0,0,0,1,0,0,1
SM-CJFPK,1,2,1,0,0,2,0,0,2,1,1,1,2,0,1,1,1,2,1,0,1
SM-CJGGK,2,1,0,0,0,1,0,0,1,1,1,1,2,0,0,2,0,0,1,0,1
SM-CJGGL,2,1,0,1,0,1,0,0,2,0,2,0,2,0,1,2,0,1,1,0,1
SM-CJGGM,2,1,1,0,1,1,0,0,1,0,0,1,2,0,0,1,2,2,0,0,1
SM-CJGGN,1,1,0,1,1,1,0,0,2,0,0,0,0,0,0,1,0,1,0,0,1
SM-CJGGO,0,0,0,1,1,1,0,0,2,0,0,0,1,0,1,0,1,0,0,1,1
SM-CJGGP,0,1,1,1,0,1,1,0,2,0,1,0,1,0,1,1,0,1,1,0,1
SM-CJGGQ,1,1,0,0,0,2,0,0,1,0,1,0,2,1,0,1,1,0,1,0,1
SM-CJGGR,1,0,1,0,2,2,0,0,2,0,0,1,2,0,0,0,1,1,1,0,0
SM-CJGGS,0,0,0,1,1,1,1,0,1,0,0,0,1,1,0,0,0,1,1,1,1
SM-CJGGT,0,1,0,1,1,1,1,0,2,0,1,0,1,0,2,1,1,1,1,0,1
SM-CJGGU,1,1,0,1,1,2,1,0,1,0,2,0,1,0,1,2,0,0,0,0,1
SM-CJGGV,1,2,0,1,1,1,0,0,1,0,0,1,2,0,1,1,1,2,1,0,1
SM-CJGGW,0,2,0,1,0,1,0,0,2,0,1,1,2,1,0,0,1,2,1,0,1
SM-CJGGX,0,0,0,0,0,1,1,0,2,0,0,0,2,1,0,0,0,1,0,0,1
SM-CJGGY,1,1,0,0,1,2,0,0,1,0,1,1,1,0,0,0,0,1,1,0,1
SM-CJGGZ,1,1,1,2,1,0,0,0,2,0,1,0,2,0,1,1,1,0,0,1,1
SM-CJGH1,0,1,1,2,2,1,0,0,1,1,1,0,1,0,0,0,0,1,2,0,1
SM-CJGH2,2,1,0,0,2,2,0,0,2,0,1,1,2,0,1,0,2,2,1,1,1
SM-CJGH3,1,2,1,1,2,2,1,0,2,0,1,0,2,0,0,1,0,1,1,0,1
SM-CJGH4,0,1,0,1,0,1,0,0,0,0,2,1,1,0,0,1,1,2,0,1,1
SM-CJGH5,1,1,0,0,0,1,0,0,2,0,0,0,1,1,0,1,2,1,0,0,1
SM-CJGH6,1,0,2,1,0,2,0,1,1,0,0,1,0,1,0,1,0,1,0,0,1
SM-CJGH7,0,1,0,2,0,1,0,0,1,0,0,0,0,1,0,0,1,0,1,0,1
SM-CJGH8,1,2,1,1,1,1,0,0,2,0,1,0,1,0,0,0,1,1,1,0,1
SM-CJGH9,0,0,1,1,1,1,1,0,2,0,1,0,0,0,1,1,0,1,0,0,1
SM-CJGHA,1,2,0,1,2,0,1,0,1,1,0,2,2,0,0,1,1,2,1,1,1
SM-CJGHB,2,0,0,2,0,2,0,0,2,0,0,1,1,1,0,2,1,1,0,0,1
SM-CJGHC,1,1,0,1,1,1,0,0,2,0,0,0,1,0,2,1,1,1,0,1,2
SM-CJGHD,1,0,1,1,0,2,0,0,1,1,0,0,2,0,0,0,1,1,2,0,1
SM-CJGHE,0,1,1,2,1,2,0,0,2,0,0,1,2,0,1,1,0,2,1,0,1
SM-CJGHF,1,0,0,1,1,2,0,0,2,0,0,1,1,0,0,2,1,1,0,0,1
SM-CJGHG,1,1,1,0,1,2,2,0,2,0,1,1,1,1,0,1,1,1,2,0,1
SM-CJGHH,1,2,1,0,0,2,0,0,1,0,0,1,2,0,0,1,0,1,0,1,1
SM-CJGHI,1,1,2,2,0,1,1,0,1,0,0,1,0,1,1,1,0,2,0,0,1
SM-CJGHJ,0,0,0,1,0,2,0,0,2,0,0,1,1,0,0,0,0,0,0,0,1
SM-CJGHK,1,1,2,2,1,2,0,0,2,0,0,2,0,0,0,1,2,2,0,1,1
SM-CJGHL,1,1,1,0,1,1,0,0,2,0,0,0,2,0,0,1,1,1,0,0,1
SM-CJGHM,1,1,1,0,1,2,1,0,2,0,0,2,1,0,0,0,1,2,1,0,1
SM-CJGHN,0,0,1,1,1,2,1,0,2,0,1,0,1,0,0,1,0,0,0,1,1
SM-CJGHO,1,0,0,1,0,2,0,0,1,0,0,0,1,0,1,2,0,2,1,1,1
SM-CJGHP,1,1,0,2,1,2,1,1,2,2,0,0,1,0,0,2,1,1,1,1,1
SM-CJGHQ,0,0,0,1,2,1,1,1,2,0,0,1,2,2,0,0,1,1,0,0,1
SM-CJGHR,0,0,0,1,2,1,1,1,2,0,0,1,1,1,0,1,1,2,1,1,1
SM-CJGHS,2,1,0,1,1,1,0,0,2,0,0,0,1,1,0,2,2,1,0,1,1
SM-CJGHT,2,1,0,2,1,2,1,0,2,0,0,0,1,0,0,2,0,2,1,0,1
SM-CJGHU,0,1,1,1,0,1,0,0,2,0,0,0,1,0,0,2,1,1,2,0,1
SM-CJGHV,1,0,0,2,1,2,0,0,0,0,0,0,1,0,0,1,1,1,0,0,1
SM-CJGHW,0,1,0,1,1,2,1,0,1,1,0,0,2,0,1,1,1,2,1,0,1
SM-CJGHX,1,1,1,0,1,1,0,0,1,1,1,0,1,1,0,0,0,0,0,0,1
SM-CJGHY,1,0,0,0,1,2,0,0,2,0,0,0,2,0,0,1,1,2,1,1,1
SM-CJGHZ,0,0,0,0,0,2,1,1,2,0,0,0,2,0,1,0,1,1,1,1,1
SM-CJGI1,0,0,1,2,1,1,1,0,2,0,0,0,1,1,0,0,1,1,1,0,1
SM-CJGI2,0,0,1,1,2,0,1,1,2,0,1,1,0,0,0,0,0,1,1,0,1
SM-CJGI4,0,1,1,2,1,2,1,0,2,0,1,1,0,0,0,1,0,2,1,1,1
SM-CJGI5,0,1,1,0,1,1,0,0,2,0,1,0,1,0,0,1,0,1,1,0,1
SM-CJGI6,1,2,0,0,0,2,1,0,2,0,1,1,1,0,0,1,1,2,0,0,1
SM-CJGI8,0,1,0,0,0,2,0,0,2,0,1,2,2,1,0,0,1,2,1,0,1
SM-CJGI9,1,2,0,1,1,1,0,0,0,1,1,0,1,0,0,1,0,1,1,0,1
SM-CJGIA,0,1,0,1,1,2,0,0,2,1,1,1,2,0,0,1,2,1,1,0,1
SM-CJGIB,1,1,0,1,0,1,1,0,2,0,0,0,2,0,0,1,1,1,0,1,1
SM-CJGIC,0,1,0,2,1,2,0,0,2,0,1,0,1,0,0,0,0,1,0,1,1
SM-CJGID,0,1,1,1,2,0,0,1,2,0,0,0,2,0,0,1,1,2,0,1,1
SM-CJGIE,2,0,0,1,1,0,1,0,2,0,1,1,2,1,0,1,1,1,0,0,1
SM-CJGIF,0,0,0,0,1,2,2,0,2,1,0,0,2,1,0,0,2,2,2,1,1
SM-CJGIG,0,2,1,1,1,2,2,0,2,0,0,0,2,0,1,0,1,2,0,0,1
SM-CJGIH,1,1,1,0,0,2,1,0,1,0,1,0,2,0,1,2,0,2,0,0,1
SM-CJGII,1,0,2,0,0,2,0,0,1,0,0,1,0,0,0,0,2,1,0,1,1
SM-CJGIJ,1,0,0,1,0,2,0,0,2,0,0,0,2,0,1,1,1,1,1,0,1
SM-CJGIK,0,1,0,1,2,2,1,0,2,0,1,0,1,0,1,1,0,2,1,0,1
SM-CJGIL,0,0,0,1,1,1,1,0,2,0,1,0,2,0,0,0,1,0,2,1,1
SM-CJGIM,0,0,1,2,2,1,0,0,2,0,0,1,1,0,0,1,0,1,0,0,1
SM-CJGIN,0,0,0,1,1,1,1,0,1,0,0,0,2,1,0,0,1,2,0,1,1
SM-CJGIP,0,0,0,1,1,0,0,0,1,0,0,0,0,0,0,0,1,2,0,1,1
SM-CJGIQ,0,0,0,0,0,1,2,0,2,0,0,2,2,0,0,1,0,2,0,0,1
SM-CJGIR,0,0,0,0,2,0,0,0,2,0,0,1,1,0,0,0,1,2,0,0,1
SM-CJGIS,1,2,0,0,2,2,0,0,2,0,1,1,0,0,0,0,0,2,0,0,1
SM-CJGIT,0,0,0,0,1,1,1,0,2,0,0,0,1,0,0,1,1,2,1,1,1
SM-CJGIU,1,0,0,1,2,2,0,0,2,0,0,0,1,0,1,1,1,1,0,1,1
SM-CJGIV,2,2,1,1,0,1,1,0,1,1,0,0,2,0,0,2,1,0,0,0,2
SM-CJGIW,0,1,0,1,1,2,2,0,1,0,0,0,1,0,1,0,1,2,1,0,1
SM-CJGIX,1,2,0,2,0,2,1,0,2,0,0,0,0,0,0,0,1,2,0,0,1
SM-CJGIY,1,1,0,0,0,1,0,0,0,2,0,1,1,0,0,1,1,2,0,0,0
SM-CJGIZ,1,0,0,0,0,1,1,1,2,0,1,1,1,0,0,1,0,2,1,0,1
SM-CJGJ1,1,0,1,1,1,2,0,1,2,0,0,0,0,1,1,0,0,2,1,0,1
SM-CJGJ2,0,0,1,2,1,1,0,0,2,0,1,0,2,0,1,0,0,1,0,0,1
SM-CJGJ3,2,0,1,0,0,2,0,0,2,0,0,0,1,0,0,2,0,1,0,0,1
SM-CJGJ4,1,1,1,1,1,1,0,0,1,0,1,0,2,0,0,0,0,2,2,0,1
SM-CJGJ5,1,0,1,1,1,2,1,0,2,0,1,0,2,0,1,1,1,1,0,0,1
SM-CJGJ7,0,1,1,0,2,2,1,0,0,0,0,0,1,0,0,0,1,1,0,0,1
SM-CJGJ8,1,0,0,2,0,1,0,0,0,0,2,1,2,0,1,1,0,1,0,0,1
SM-CJGJ9,0,0,1,0,1,1,1,0,2,0,0,0,1,0,0,1,1,1,1,1,1
SM-CJGJA,0,0,0,1,1,1,1,0,2,0,0,0,2,0,0,0,1,1,1,1,1
SM-CJGLD,1,0,1,0,1,0,1,0,2,0,0,1,1,1,0,0,2,2,0,1,1
SM-CJGLE,1,2,0,1,2,2,1,0,2,0,0,1,2,0,0,0,2,2,2,0,1
SM-CJGLF,0,0,1,2,1,2,0,0,2,0,0,0,1,0,0,0,0,1,1,0,1
SM-CJGLG,0,1,1,1,2,1,0,0,2,0,0,0,2,0,0,0,0,2,1,0,1
SM-CJGLH,1,1,0,1,1,2,2,0,2,0,0,1,1,0,0,1,0,0,2,1,1
SM-CJGLI,1,2,1,2,2,2,0,0,1,0,1,1,0,1,0,2,0,2,0,1,1
SM-CJGLJ,1,1,0,1,2,0,0,0,2,0,0,1,1,0,0,1,1,2,1,0,1
SM-CJGLK,1,0,0,0,2,2,0,0,1,0,0,0,0,1,2,1,0,0,2,0,1
SM-CJGLM,0,0,0,1,0,2,0,0,2,0,2,0,2,0,0,1,0,1,2,0,1
SM-CJGLP,1,1,0,0,1,0,0,0,1,0,0,1,1,0,0,0,0,2,1,0,1
SM-CJGLQ,1,0,1,0,1,2,0,0,2,0,2,0,2,0,1,1,1,2,1,0,1
SM-CJGLR,0,1,1,1,0,1,0,0,2,0,0,1,2,0,0,1,0,0,0,0,1
SM-CJGLS,1,0,0,1,0,1,1,0,2,0,1,1,0,1,0,1,1,1,0,0,1
SM-CJGLT,2,1,0,0,0,1,1,0,1,0,0,0,1,0,0,1,0,1,0,0,1
SM-CJGLU,0,0,1,1,1,2,0,0,2,0,0,0,1,1,0,0,1,2,0,0,1
SM-CJGLV,1,0,0,1,2,2,0,0,1,0,1,0,0,1,0,1,1,2,2,0,1
SM-CJGLW,1,1,0,1,1,2,0,0,2,0,0,2,2,1,0,2,1,2,2,0,1
SM-CJGLX,1,0,0,1,0,2,0,0,2,0,1,2,2,0,0,1,2,1,1,0,1
SM-CJGLY,0,2,1,1,2,2,1,0,2,0,0,1,2,0,0,0,1,2,1,1,0
SM-CJGLZ,1,1,0,1,1,1,1,0,1,1,0,0,1,0,0,1,0,1,0,0,1
SM-CJGM2,2,0,0,2,1,2,0,0,2,0,0,1,1,0,1,2,0,2,1,0,1
SM-CJGM3,0,2,0,1,1,2,0,0,2,0,0,0,0,0,0,0,2,2,0,1,1
SM-CJGM4,0,0,0,2,1,2,0,0,1,0,0,0,1,1,0,0,0,1,0,0,1
SM-CJGM5,0,0,0,0,0,2,0,0,1,1,0,0,1,1,1,0,0,2,0,0,1
SM-CJGM6,1,0,1,1,1,1,0,0,2,0,1,0,2,0,0,1,1,2,0,0,1
SM-CJGM7,0,2,1,2,1,1,1,0,2,0,1,0,2,0,0,1,1,1,1,0,1
SM-CJGM8,1,1,0,0,2,2,0,1,1,1,1,1,0,0,0,0,1,2,1,0,1
SM-CJGM9,0,2,0,1,2,1,0,0,1,1,1,0,1,0,0,1,1,1,0,1,1
SM-CJGMA,1,0,0,1,1,1,0,1,2,0,0,1,2,0,0,1,1,1,1,1,1
SM-CJGMC,0,0,0,1,1,1,0,0,2,0,0,1,0,0,0,1,0,1,1,0,1
SM-CJGMD,0,0,1,2,1,1,0,0,2,0,1,1,2,0,0,1,1,2,1,1,1
SM-CJGMG,0,2,0,1,1,2,0,0,2,0,1,0,2,0,1,0,0,2,1,2,1
SM-CJGMH,1,0,0,1,0,1,1,0,1,0,0,1,1,0,0,1,1,1,1,0,1
SM-CJGMI,1,2,1,0,1,2,1,0,2,0,0,0,1,1,0,1,1,2,0,0,1
SM-CJGMJ,0,2,0,1,0,1,1,0,1,0,0,2,2,0,0,0,0,1,2,0,1
SM-CJGMK,1,1,0,1,1,1,2,0,2,0,0,1,1,0,0,1,1,2,0,0,1
SM-CJGML,2,2,0,2,0,1,0,0,1,0,0,1,1,1,0,2,1,2,1,0,1
SM-CJGMM,0,1,0,1,1,2,1,1,2,0,0,1,0,0,0,0,0,0,2,0,1
SM-CJGMN,0,2,0,2,0,1,1,0,2,0,0,1,1,0,0,0,0,1,1,0,1
SM-CJGMO,1,2,1,1,0,2,0,0,0,1,0,1,1,0,0,0,2,1,1,0,1
SM-CJGMP,1,0,1,2,0,1,0,0,2,0,0,0,2,0,0,1,0,2,0,1,1
SM-CJGMQ,1,0,0,1,1,2,1,1,1,0,0,0,1,0,0,1,0,2,1,0,1
SM-CJGMR,1,0,2,1,0,2,1,0,2,0,1,0,1,1,0,1,1,1,0,0,1
SM-CJGMS,1,1,0,2,2,0,0,0,1,1,0,0,2,0,0,2,1,2,0,0,1
SM-CJGMT,0,2,1,0,1,2,0,0,2,0,0,1,2,0,0,0,1,1,2,0,1
SM-CJGMU,2,2,0,2,1,2,0,0,2,0,2,0,1,0,0,2,0,1,0,0,1
SM-CJGMV,1,0,1,1,1,1,0,0,2,0,0,0,2,0,0,1,0,1,1,0,1
SM-CJGMX,1,1,1,0,1,2,0,0,1,1,2,0,1,0,0,1,1,2,1,1,1
SM-CJGMY,1,1,1,2,1,2,0,0,2,0,0,0,1,0,0,2,0,0,1,0,1
SM-CJGMZ,1,0,1,2,1,1,2,0,2,0,0,0,2,1,0,0,1,1,2,0,1
SM-CJGN1,0,1,0,1,1,2,1,0,2,0,0,0,1,0,1,0,0,1,1,0,1
SM-CJGN2,0,1,0,1,1,1,0,0,2,0,1,1,0,0,1,1,0,2,1,0,1
SM-CJGN3,1,2,0,0,2,1,1,0,2,0,0,2,2,1,0,1,1,2,2,0,1
SM-CJGN4,1,1,0,1,0,2,0,1,2,0,0,1,1,0,0,2,1,1,0,0,1
SM-CJGN5,1,1,0,1,1,2,1,0,2,0,1,0,2,1,0,2,2,2,0,0,1
SM-CJGN6,0,1,0,0,1,1,0,0,2,0,1,0,1,0,0,2,0,0,0,0,1
SM-CJGN7,1,0,1,0,1,2,0,0,1,1,0,1,1,0,0,0,0,2,1,1,1
SM-CJGN9,1,0,0,0,1,2,0,0,2,0,0,1,0,0,1,1,2,1,0,0,1
SM-CJGNB,1,1,0,0,1,1,0,0,1,0,1,1,2,1,0,1,0,0,2,1,1
SM-CJGNC,1,1,1,0,2,2,1,0,2,0,1,1,0,0,0,1,1,0,0,0,1
SM-CJGND,1,2,0,0,2,1,0,0,2,0,0,1,2,0,1,0,1,2,0,0,1
SM-CJGNE,0,1,1,1,0,2,0,0,2,0,1,2,1,0,0,1,2,1,1,0,1
SM-CJGNF,0,0,2,1,0,1,0,1,2,0,1,0,1,0,0,0,0,1,0,0,1
SM-CJGNG,0,2,0,1,1,2,0,1,2,0,0,0,2,0,0,0,1,1,0,0,1
SM-CJGNH,0,2,1,2,0,2,0,0,2,0,0,1,1,0,0,0,2,1,0,0,1
SM-CJGNI,2,0,0,0,0,1,0,0,2,0,1,0,1,0,0,2,1,0,1,0,1
SM-CJGNJ,0,2,0,1,1,0,1,0,2,0,2,1,2,0,0,1,2,1,0,0,1
SM-CJGNK,1,1,1,0,0,1,0,0,2,0,1,0,2,0,0,1,1,2,0,1,1
SM-CJGNL,1,2,0,1,0,1,1,0,2,0,1,0,2,0,0,2,0,1,1,1,1
SM-CJGNM,1,1,1,1,0,1,1,0,2,0,0,0,0,0,1,1,1,2,0,1,1
SM-CJGNN,0,1,0,0,1,0,0,0,2,0,1,1,1,0,0,1,1,2,1,0,1
SM-CJGNO,1,2,0,0,1,1,0,0,2,0,1,1,2,0,0,1,0,2,0,0,1
SM-CJGNP,1,0,1,2,1,1,0,0,2,0,0,2,1,0,0,1,0,2,1,1,1
SM-CJGNQ,1,1,0,0,2,2,0,0,1,1,0,1,1,0,1,1,0,1,1,0,1
SM-CJGNS,0,1,0,0,0,1,0,0,2,0,1,0,2,0,0,0,0,1,1,1,1
SM-CJGNT,0,1,0,1,1,1,0,0,2,0,0,0,2,0,0,1,1,2,1,0,1
SM-CJGNU,0,0,1,1,1,1,0,0,2,0,2,1,2,1,0,0,0,2,2,1,1
SM-CJGNX,0,1,0,2,1,2,0,1,1,0,1,0,1,0,1,0,1,2,1,0,1
SM-CJGNZ,1,1,0,0,2,0,0,0,2,0,0,1,1,0,0,0,1,1,0,0,1
SM-CJGO1,2,0,0,0,0,2,1,0,2,0,1,0,2,0,0,2,1,1,1,2,1
SM-CJGO2,0,1,1,2,0,2,1,0,1,0,1,0,1,0,1,0,0,1,0,0,1
SM-CJGO3,1,1,0,0,1,2,1,1,2,0,1,0,2,0,1,1,0,1,0,0,1
SM-CJIWR,1,1,0,0,1,2,0,0,2,0,2,0,1,0,0,1,1,1,1,0,1
SM-CJIWS,2,1,0,1,0,2,0,0,2,0,1,1,1,0,0,2,2,2,0,0,1
SM-CJIWT,0,1,0,1,2,1,1,0,1,0,0,2,1,0,0,1,0,2,0,0,1
SM-CJIWU,0,0,0,0,2,0,0,0,2,1,0,0,2,0,0,0,2,1,1,0,1
SM-CJIWV,0,0,0,1,0,2,1,0,2,0,0,0,1,1,0,1,0,1,1,0,1
SM-CJIWW,1,0,0,1,1,1,0,0,1,0,1,1,2,0,0,1,0,2,1,0,1
SM-CJIWX,1,1,0,1,1,2,0,0,1,0,1,0,2,0,1,1,1,2,0,0,1
SM-CJIWY,1,1,1,2,1,2,0,0,1,1,0,0,1,1,0,1,0,0,0,0,1
SM-CJIX1,1,0,0,2,1,2,0,0,2,0,0,1,1,0,0,0,1,0,1,0,1
SM-CJIX2,0,2,0,0,1,2,0,0,2,0,0,1,2,0,0,1,0,2,1,0,1
SM-CJIX3,0,0,0,1,0,1,1,0,1,0,2,0,1,0,0,0,1,1,1,0,1
SM-CJIX4,1,0,2,2,0,1,0,0,2,0,1,0,1,0,0,0,0,2,1,0,1
SM-CJIX5,0,2,0,1,0,1,1,0,1,0,1,0,2,0,0,1,1,2,1,0,1
SM-CJIX6,1,2,0,0,2,2,1,0,2,1,0,0,2,0,0,2,1,1,0,0,1
SM-CJIX8,0,0,2,2,1,1,1,0,2,0,0,0,1,0,2,0,0,1,0,0,1
SM-CJIX9,0,1,0,2,1,2,0,0,2,0,1,0,1,0,0,0,1,1,0,1,1
SM-CJIXA,0,2,0,2,1,1,0,0,1,1,0,1,2,1,0,1,0,2,1,0,1
SM-CJIXB,0,1,0,2,1,0,0,0,2,0,0,0,1,0,0,0,0,2,1,0,1
SM-CJIXC,1,1,0,1,1,1,0,1,2,0,1,0,1,0,0,1,0,2,1,0,1
SM-CJIXD,0,0,1,1,0,2,1,0,2,0,0,0,1,0,1,0,1,2,1,1,1
SM-CJIXE,1,0,1,2,1,2,0,0,1,0,0,1,1,0,0,1,1,1,0,1,1
SM-CJIXG,0,2,1,2,0,1,0,0,2,2,0,0,2,0,1,0,1,2,2,0,1
SM-CJIXH,0,0,0,1,0,1,0,0,2,0,1,0,1,0,0,0,1,2,0,0,1
SM-CJIXI,0,2,1,0,0,2,0,0,2,0,0,0,1,0,0,1,0,1,1,0,1
SM-CJIXJ,0,1,0,1,1,2,2,0,2,0,0,0,2,1,0,1,0,2,1,0,1
SM-CJIXK,2,0,0,1,2,0,0,0,1,0,1,0,2,0,0,2,0,1,0,1,1
SM-CJIXL,1,2,0,1,1,2,1,0,1,0,2,1,0,0,0,2,2,1,2,0,1
SM-CJIXM,1,1,0,0,2,1,1,0,1,0,0,0,1,0,0,1,0,1,0,0,1
SM-CJIXO,0,0,0,1,0,0,2,0,1,0,0,0,1,0,0,0,1,2,0,0,1
SM-CJIXP,1,1,1,1,0,2,0,0,2,0,0,0,2,0,1,1,1,2,1,0,1
SM-CJIXQ,1,0,1,2,1,2,0,0,2,0,1,1,2,0,0,0,1,2,1,0,1
SM-CJIXR,1,0,1,2,1,2,0,0,0,2,0,1,1,1,0,1,1,1,0,1,1
SM-CJIXS,1,2,0,0,1,1,0,0,2,0,1,2,0,0,0,1,1,1,2,0,1
SM-CJIXT,0,1,0,0,2,1,1,0,1,0,1,0,0,0,0,0,1,1,0,0,1
SM-CJIXU,1,0,1,1,0,2,0,0,1,0,0,1,2,0,1,1,1,2,0,0,1
SM-CJIXV,1,2,0,2,0,2,1,0,0,0,1,1,1,0,0,1,0,1,1,0,1
SM-CJIXW,0,1,0,1,1,0,0,0,1,0,1,0,1,0,0,0,0,2,0,0,1
SM-CJIXX,1,0,0,1,0,2,1,0,2,0,0,1,2,0,0,1,1,2,0,0,1
SM-CJIXY,0,2,0,1,1,1,1,0,2,0,0,0,2,0,1,0,1,1,0,0,1
SM-CJIXZ,1,0,1,1,0,2,1,1,2,0,0,2,2,0,0,1,0,1,0,0,1
SM-CJIY1,0,1,1,2,2,2,0,0,1,0,0,1,1,1,0,0,1,2,0,1,1
SM-CJIY2,1,1,0,0,1,1,1,0,2,0,0,0,0,0,0,1,1,2,1,2,1
SM-CJIY3,2,2,1,1,1,2,0,0,2,0,0,0,2,1,0,1,1,1,0,1,1
SM-CJIY4,1,0,1,1,2,2,0,0,2,0,0,0,1,1,1,2,1,2,2,0,1
SM-CJIY5,0,1,0,1,1,2,2,0,2,0,1,0,2,0,0,0,1,2,1,1,1
SM-CJIY6,2,1,0,0,0,2,2,1,2,0,0,1,2,0,0,2,1,1,1,0,1
SM-CJIY7,1,2,0,1,0,0,1,1,1,1,1,1,1,1,0,1,0,2,1,0,1
SM-CJIY8,1,0,0,2,1,1,0,0,1,0,0,1,2,0,0,1,2,2,1,0,1
SM-CJIY9,1,1,0,1,1,2,1,0,2,0,0,0,2,1,1,1,0,2,0,0,1
SM-CJIYA,1,2,1,0,1,2,0,0,1,1,0,0,1,0,0,1,1,2,0,0,1
SM-CJIYB,1,0,0,1,1,2,1,0,2,0,0,0,2,0,0,1,0,1,0,1,1
SM-CJIYC,0,1,0,0,1,2,1,0,2,1,0,0,1,0,0,1,1,1,2,1,1
SM-CJIYD,0,1,0,1,1,2,1,0,1,1,0,1,0,0,0,0,0,2,1,0,1
SM-CJIYE,0,2,0,2,1,1,0,0,1,0,0,1,1,1,0,0,1,1,1,0,1
SM-CJIYF,2,1,0,0,1,1,0,0,1,0,1,0,2,0,0,2,1,0,0,0,1
SM-CJIYG,0,2,1,0,1,2,1,1,2,0,0,0,1,0,0,1,1,1,1,1,1
SM-CJIYH,0,1,0,1,0,2,1,0,2,0,1,0,1,1,1,0,1,2,2,1,1
SM-CJIYI,1,0,0,0,1,1,1,0,1,1,1,1,0,0,0,1,0,2,0,0,1
SM-CJIYJ,0,0,0,2,0,1,0,0,2,0,0,1,2,0,0,2,0,2,0,1,1
SM-CJIYK,0,2,0,1,1,2,1,0,2,0,0,2,1,0,0,0,0,2,0,1,1
SM-CJIYL,0,2,1,0,1,2,1,0,1,1,1,0,1,0,0,1,2,2,0,1,1
SM-CJIYM,0,2,1,0,2,1,1,0,1,1,1,0,1,0,0,0,0,2,0,0,1
SM-CJIYN,2,1,1,1,2,0,0,0,2,0,0,0,2,0,1,0,1,2,2,0,1
SM-CJIYP,1,2,0,1,2,2,0,1,2,0,0,0,1,1,1,0,0,2,0,0,1
SM-CJIYQ,1,2,1,0,1,1,0,0,1,0,1,1,0,0,0,1,1,0,1,0,1
SM-CJIYR,1,2,1,2,2,1,1,0,2,0,0,1,1,0,0,1,0,1,1,0,1
SM-CJIYU,0,2,0,1,1,0,0,0,2,0,1,0,0,0,0,0,1,2,0,0,1
SM-CJIYV,1,1,0,1,1,1,1,1,2,0,0,1,1,0,0,1,1,1,1,1,1
SM-CJIYW,2,2,0,0,2,1,0,0,2,0,0,1,2,0,0,2,0,2,0,0,1
SM-CJIYX,2,1,0,1,1,2,0,0,2,0,0,0,2,0,0,1,1,1,0,0,1
SM-CJIYY,1,2,0,0,1,2,1,0,2,1,0,2,2,0,0,1,1,1,0,2,1
SM-CJIYZ,0,2,2,2,1,2,0,1,0,1,0,1,2,0,0,0,1,1,1,1,1
SM-CJIZ1,1,1,0,1,1,2,0,0,1,0,1,1,1,0,0,1,0,1,1,0,1
SM-CJIZ4,2,0,1,1,2,2,1,0,2,0,0,1,2,0,0,2,1,2,0,0,1
SM-CJIZ5,1,0,1,2,0,2,0,0,1,0,0,1,1,0,0,1,0,1,2,0,1
SM-CJIZ8,1,0,0,2,1,1,1,0,1,0,0,0,2,1,1,1,1,0,0,0,1
SM-CJIZD,1,0,0,2,1,2,0,0,2,0,1,1,2,0,0,1,2,1,1,1,1
SM-CJIZF,0,2,0,1,2,0,0,0,2,0,0,0,1,0,0,0,1,2,2,1,1
SM-CJIZG,1,0,0,1,1,1,2,0,2,0,1,1,1,0,0,1,0,1,1,0,2
SM-CJIZH,0,0,0,1,1,0,0,0,0,0,1,2,2,0,0,0,2,1,0,1,1
SM-CJIZI,0,2,0,2,1,0,0,0,1,1,0,1,2,0,1,0,1,0,1,0,1
SM-CJIZJ,0,2,1,1,0,2,0,0,1,0,0,0,1,0,0,2,1,0,2,0,1
SM-CJIZK,0,2,1,2,0,1,0,0,2,0,1,0,2,1,0,2,1,1,1,1,1
SM-CJIZL,1,1,0,2,0,0,0,0,1,0,0,0,1,0,0,0,1,2,1,2,0
SM-CJIZM,2,0,1,2,0,2,0,0,2,0,0,0,2,0,0,2,0,2,0,0,1
SM-CJIZO,1,0,1,2,1,2,1,0,0,0,0,1,1,0,0,1,2,2,0,0,1
SM-CJIZP,0,0,1,1,1,2,0,0,1,1,0,0,1,1,1,1,2,1,1,0,1
SM-CJIZQ,0,1,0,1,2,2,1,0,2,1,0,0,0,0,0,1,0,1,0,0,1
SM-CJIZR,1,0,1,0,0,1,1,0,2,0,0,1,1,0,0,2,0,1,0,0,1
SM-CJIZS,0,0,0,0,0,2,1,0,2,0,0,0,0,0,1,0,0,1,0,0,1
SM-CJIZT,1,0,0,2,2,2,1,0,2,0,0,0,2,0,0,2,1,1,1,0,1
SM-CJIZV,1,1,0,1,1,1,0,0,2,0,0,0,1,0,0,0,0,1,2,0,1
SM-CJIZX,0,2,2,0,0,2,0,0,2,0,0,1,0,0,0,1,0,2,0,0,2
SM-CJIZY,1,1,0,1,2,2,1,1,1,1,2,2,2,1,0,1,0,2,0,0,1
SM-CJIZZ,0,1,1,1,0,1,0,0,2,0,1,0,1,0,0,0,0,1,1,0,1
SM-CJJ11,1,1,0,0,1,2,1,0,2,0,0,0,1,0,0,0,0,1,1,0,1
SM-CJJ12,1,0,0,2,0,1,2,0,2,0,0,2,1,1,0,1,2,1,1,0,1
SM-CJJ13,2,2,1,1,0,1,0,0,1,1,0,0,2,0,0,2,1,1,1,0,1
SM-CJJ14,1,1,0,1,0,1,0,0,2,0,1,0,1,1,0,0,1,1,1,0,1
SM-CJJ15,1,0,0,0,0,1,0,1,2,0,1,0,1,1,0,1,0,1,0,0,2
SM-CJJ16,1,0,0,1,1,1,0,0,2,0,0,0,2,0,0,1,0,2,0,0,1
SM-CJJ17,0,0,0,1,1,1,0,0,2,0,0,0,2,0,0,1,0,2,1,0,1
SM-CJJ18,1,2,1,0,0,0,2,0,2,0,0,0,1,1,0,1,1,1,0,0,1
SM-CJJ19,1,1,0,0,1,0,0,0,2,0,0,1,2,0,0,0,1,2,2,0,1
SM-CJJ1A,2,0,1,0,1,2,1,0,1,0,0,1,2,0,1,2,0,2,2,1,1
SM-CJJ1B,1,2,0,0,1,2,0,0,2,0,0,0,2,0,1,1,1,0,0,0,1
SM-CJJ1C,0,0,0,2,0,2,0,0,2,0,1,0,2,0,0,1,1,2,0,1,1
SM-CJJ1D,0,0,0,1,1,0,0,0,1,0,0,1,1,0,0,1,2,0,1,0,1
SM-CJJ1E,0,0,0,0,0,1,1,0,2,0,1,0,2,0,2,0,0,1,0,0,1
SM-CJJ1F,0,2,0,1,0,1,0,0,2,0,0,1,2,1,0,1,0,2,0,0,1
SM-CJJ1G,0,1,1,0,0,2,1,0,2,0,1,0,2,1,0,1,0,0,0,0,1
SM-CJJ1H,0,2,0,2,0,1,1,0,1,1,0,2,1,0,0,0,2,1,2,1,1
SM-CJJ1I,1,1,1,1,0,2,1,0,2,0,2,0,0,0,0,1,2,2,0,0,1
SM-CJJ1J,0,0,0,1,0,2,0,0,2,0,0,0,2,0,0,0,1,2,0,1,1
SM-CJJ1K,0,1,0,0,0,1,0,0,2,0,0,0,2,0,0,0,0,2,0,0,1
SM-CJJ1L,0,1,0,1,1,2,0,0,2,0,1,2,0,1,0,0,2,2,0,0,1
SM-CJJ1M,1,0,1,1,1,2,0,0,1,0,0,1,1,0,1,1,0,2,0,0,1
SM-CJJ1N,1,1,0,1,0,1,0,0,2,0,0,2,1,0,0,1,0,2,0,0,1
SM-CJJ1O,0,1,0,0,2,2,0,0,2,0,2,0,1,0,0,0,1,1,0,0,1
SM-CJJ1P,0,1,0,2,2,2,0,0,2,1,0,0,0,0,0,1,1,1,0,0,1
SM-CJJ1Q,2,1,0,2,2,0,1,0,1,1,0,0,2,1,0,1,2,2,1,1,1
SM-CJJ1R,1,0,0,1,0,2,0,0,1,1,0,1,2,0,0,1,0,2,0,0,1
SM-CJJ1S,1,1,1,1,1,1,1,0,2,0,0,1,1,1,1,1,0,2,0,0,1
SM-CJJ1T,1,1,0,1,2,2,0,0,2,0,2,0,1,1,0,1,2,2,0,2,1
SM-CJJ1U,0,1,0,2,1,2,1,1,2,0,0,0,1,0,0,1,2,2,0,0,1
SM-CJJ1W,0,0,0,0,0,2,0,0,1,0,0,0,2,0,0,0,0,0,0,1,1
SM-CJJ1X,0,2,1,0,2,2,0,0,2,0,1,1,2,0,0,2,0,2,0,0,2
SM-CJJ1Y,1,2,0,1,2,2,0,0,2,0,0,1,1,0,1,1,0,1,1,0,1
SM-CJJ1Z,1,1,1,0,0,2,0,0,2,0,0,0,2,0,1,0,0,2,1,0,1
SM-CJJ21,0,0,1,1,1,1,0,0,1,1,1,0,0,0,1,0,1,1,0,0,1
SM-CJJ22,0,1,0,0,1,2,0,0,1,0,0,0,1,0,0,0,1,2,0,0,1
SM-CJJ23,1,2,2,1,0,1,2,0,2,0,0,1,1,1,0,1,1,1,0,0,1
SM-CJJ24,0,0,0,0,2,2,1,0,2,0,1,1,1,0,0,1,0,1,1,1,1
SM-CJJ25,1,0,2,1,2,1,0,0,1,0,1,0,1,1,1,1,1,1,0,0,1
SM-CJJ26,2,0,1,0,1,2,1,1,1,0,1,0,1,0,0,2,1,1,2,0,1
SM-CJJ27,1,1,0,0,0,2,1,0,1,0,1,0,0,0,0,1,2,2,2,0,1
SM-CJJ28,0,2,1,0,0,2,1,1,2,0,2,0,2,0,0,0,0,2,1,0,1
SM-CJJ29,1,2,0,1,0,0,0,0,2,0,0,1,1,0,0,0,1,1,0,0,1
SM-CJJ2A,1,0,0,1,2,1,0,0,2,0,1,1,2,0,1,1,0,2,1,0,1
SM-CJJ2B,2,0,0,0,0,2,0,0,2,0,0,1,1,0,0,1,0,1,0,0,1
SM-CJJ2D,1,1,2,0,0,1,0,0,2,0,1,1,1,0,0,1,1,1,0,1,1
SM-CJJ2E,2,1,0,1,1,2,0,0,2,0,0,0,2,0,0,2,2,2,0,0,1
SM-CJJ2F,0,1,0,1,1,1,1,0,1,1,2,0,2,0,1,0,2,2,1,1,1
SM-CJJ2G,1,1,0,1,0,1,1,0,2,0,0,1,1,0,0,1,0,1,0,0,1
SM-CJJ2H,1,0,0,0,1,1,0,0,1,0,1,1,2,0,0,2,1,1,0,0,1
SM-CJJ2I,0,0,0,1,1,1,1,1,1,0,1,0,2,0,0,0,2,0,0,0,1
SM-CJJ2J,1,0,0,2,0,2,0,0,2,0,1,0,1,0,0,2,1,1,0,0,1
SM-CJJ2K,0,1,0,2,1,1,0,0,2,0,0,2,1,0,0,0,1,1,0,0,1
SM-CJJ2M,1,2,0,1,1,1,1,0,2,0,1,1,2,0,0,0,0,2,2,0,1
SM-CJJ2N,2,1,0,2,0,0,0,0,1,0,1,0,0,0,0,2,0,2,1,1,1
SM-CJJ2O,1,0,0,2,1,2,0,0,0,0,0,1,0,1,0,1,1,0,1,0,1
SM-CJJ2P,0,1,0,2,0,0,1,0,1,0,1,1,1,1,0,1,1,2,0,0,1
SM-CJJ2Q,1,0,1,0,0,2,0,0,1,0,0,1,1,0,1,0,0,0,1,1,1
SM-CJJ2R,0,1,0,2,0,2,0,0,1,0,0,1,0,1,0,0,0,1,1,1,1
SM-CJJ2S,1,2,0,2,1,1,1,0,2,0,1,1,2,0,0,1,2,2,1,0,1
SM-CJJ2T,1,0,0,1,2,1,1,0,2,0,0,0,1,0,0,1,0,2,0,0,1
SM-CJJ2U,1,1,1,1,1,1,0,0,2,0,0,2,1,0,0,1,0,2,0,0,1
SM-CJJ2V,0,1,1,2,1,0,1,0,2,0,0,1,1,0,0,0,0,2,0,0,1
SM-CJJ2X,0,0,0,1,1,2,0,0,2,0,0,0,1,0,0,0,0,2,0,2,1
SM-CJJ2Z,1,1,2,1,2,2,1,0,2,0,1,2,2,0,0,1,1,2,2,1,1
SM-CJJ31,1,0,0,0,0,1,2,0,1,0,1,0,1,1,1,0,2,1,0,0,1
SM-CJJ32,0,0,0,0,1,2,1,0,1,0,0,1,2,0,0,0,1,2,0,0,1
SM-CJJ33,0,1,1,1,1,2,1,1,2,0,0,0,2,0,0,0,0,2,1,1,1
SM-CJJ34,1,0,1,0,0,2,0,1,1,0,0,1,2,0,0,0,1,1,1,1,1
SM-CJJ35,1,0,0,1,2,2,0,0,1,0,1,0,1,0,1,0,0,2,0,0,2
SM-CJJ38,0,1,0,0,0,2,0,0,0,1,0,0,1,0,0,0,1,1,0,1,1
SM-CJK3B,0,1,1,1,1,0,0,0,2,0,1,1,2,1,0,1,2,0,0,0,1
SM-CJK3C,1,0,1,0,0,1,1,1,2,0,0,0,1,0,0,0,0,1,1,1,1
SM-CJK3D,0,1,0,0,2,1,0,0,2,0,1,0,0,0,0,0,1,0,0,1,1
SM-CJK3E,2,2,0,1,2,1,0,0,1,1,0,1,2,0,1,2,1,2,1,0,1
SM-CJK3F,0,1,1,0,0,0,0,0,2,0,1,1,2,0,0,0,0,1,0,0,1
SM-CJK3G,1,1,0,0,0,2,1,0,0,1,1,0,1,0,0,1,0,2,0,1,1
SM-CJK3I,1,2,0,1,0,1,0,0,1,0,0,0,2,0,0,0,0,2,0,0,1
SM-CJK3J,1,2,0,1,1,2,0,2,2,0,0,0,2,1,1,1,2,2,0,0,1
SM-CJK3K,2,1,0,2,1,1,1,1,2,0,1,0,2,0,0,2,0,1,0,0,1
SM-CJK3L,0,0,0,1,2,2,1,1,1,1,0,1,1,0,0,0,1,1,1,0,1
SM-CJK3O,0,1,0,1,2,2,2,0,1,0,2,1,1,1,0,0,0,0,1,0,1
SM-CJK3P,0,2,0,1,0,2,0,0,2,0,0,0,0,0,0,0,0,2,0,0,1
SM-CJK3R,0,1,0,1,2,0,1,0,2,1,0,1,2,0,0,1,1,1,0,1,1
SM-CJK3S,1,1,0,0,0,1,1,0,2,0,0,0,1,0,0,1,0,2,1,0,1
SM-CJK3T,0,0,1,0,0,1,0,0,1,0,2,1,2,1,0,0,0,2,1,0,1
SM-CJK3V,2,0,0,1,0,1,0,0,2,0,0,2,1,0,0,2,1,1,0,1,1
SM-CJK3W,1,0,0,0,0,1,0,0,2,0,0,1,2,0,0,1,1,1,1,0,1
SM-CJK3X,1,1,0,1,1,1,0,0,2,0,1,1,2,0,0,0,1,1,0,0,1
SM-CJK3Y,0,1,0,0,2,2,0,0,1,0,0,1,2,0,0,1,1,2,0,1,1
SM-CJK3Z,1,0,1,0,1,2,0,0,0,0,0,1,2,0,0,1,0,1,0,0,1
SM-CJK41,0,1,0,1,0,2,1,0,1,1,0,0,1,0,0,0,1,2,0,1,1
SM-CJK42,1,0,1,1,0,1,2,0,2,0,0,0,1,0,1,2,1,1,0,0,1
SM-CJK43,0,0,0,1,2,2,1,0,1,1,0,0,1,1,0,1,1,1,0,1,1
SM-CJK44,1,2,0,1,1,2,0,0,2,0,1,1,1,0,0,1,0,2,1,0,1
SM-CJK45,1,0,0,0,0,2,0,0,2,0,0,0,0,0,1,1,1,2,1,0,1
SM-CJK46,1,2,0,2,0,2,0,0,2,0,1,0,2,0,0,1,0,1,1,0,1
SM-CJK47,0,1,1,1,0,2,1,0,2,0,0,0,2,0,1,0,1,1,1,0,1
SM-CJK48,0,2,0,0,1,2,0,0,2,0,0,0,2,0,0,0,1,2,1,1,1
SM-CJK49,0,0,0,0,1,1,1,0,2,0,0,0,2,0,1,1,0,2,0,0,1
SM-CJK4A,2,1,1,1,1,1,0,1,2,0,1,2,2,0,0,1,0,1,1,1,1
SM-CJK4C,0,1,0,1,0,1,0,0,2,0,1,2,2,0,0,0,2,1,0,1,1
SM-CJK4G,0,1,1,1,2,2,1,0,1,1,2,1,1,0,1,0,2,2,2,0,1
SM-CJK4H,0,0,0,2,1,2,0,0,2,0,0,0,0,0,0,0,0,2,0,1,1
SM-CJK4I,0,0,1,0,0,1,0,0,2,0,0,0,2,0,0,1,1,1,0,0,1
SM-CJK4J,1,1,1,2,1,2,0,0,2,0,0,0,1,1,1,2,0,2,1,0,1
SM-CJK4L,1,1,1,0,1,1,0,0,2,0,1,0,2,0,0,1,2,1,0,0,1
SM-CJK4M,0,1,0,1,1,2,0,0,2,2,0,0,2,0,1,0,0,2,2,0,1
SM-CJK4N,1,0,0,2,1,2,1,0,2,0,0,1,1,0,0,1,2,1,0,0,1
SM-CJK4O,2,0,1,2,0,1,0,0,1,0,0,0,2,0,0,1,0,1,1,0,1
SM-CJK4P,1,1,0,1,2,0,0,0,2,0,0,0,1,0,0,1,0,1,1,1,1
SM-CJK4Q,1,1,0,2,0,2,0,0,1,0,1,0,0,1,1,1,0,1,0,0,1
SM-CJK4R,1,0,1,1,1,1,1,0,2,0,0,1,0,0,0,1,0,2,0,1,1
SM-CJK4S,2,2,0,1,2,1,0,0,2,0,0,1,1,0,1,2,1,1,0,0,1
SM-CJK4T,1,0,1,1,1,1,0,1,2,0,2,1,2,0,0,0,1,1,0,0,1
SM-CJK4U,0,0,0,2,0,2,0,1,2,0,0,0,2,0,2,0,0,2,1,0,1
SM-CJK4V,0,1,1,0,0,1,1,0,2,0,0,0,2,0,0,0,0,2,0,0,1
SM-CJK4W,1,1,1,2,1,1,0,0,2,0,0,0,2,0,0,0,0,1,0,0,1
SM-CJK4X,1,1,1,2,1,1,1,1,1,1,0,1,2,0,0,1,1,2,0,0,1
SM-CJK4Y,0,1,0,0,2,1,0,0,2,0,0,1,0,0,0,0,0,2,1,0,1
SM-CJK4Z,1,1,0,1,1,1,1,0,2,0,1,2,1,0,0,1,0,1,1,0,1
SM-CJK51,0,1,1,0,0,2,1,0,2,0,0,1,2,0,0,2,2,1,1,0,1
SM-CJK52,0,1,1,2,1,0,0,0,2,0,0,1,2,1,0,0,0,2,0,0,1
SM-CJK53,0,1,0,1,1,2,0,0,2,0,0,0,1,0,0,1,0,1,0,1,1
SM-CJK54,0,1,0,0,1,2,1,0,2,0,1,0,0,0,1,0,1,1,0,0,1
SM-CJK55,1,0,1,1,1,0,0,0,2,0,2,1,2,0,0,0,0,1,0,0,1
SM-CJK56,0,0,0,1,1,0,0,0,2,0,1,0,2,0,0,0,2,2,1,0,1
SM-CJK57,1,1,1,1,1,1,1,0,1,0,0,0,2,0,1,0,0,2,0,0,1
SM-CJK58,0,0,0,1,2,1,0,0,1,0,0,0,1,0,0,1,1,0,1,0,1
SM-CJK59,1,1,0,1,2,2,0,0,2,0,0,0,2,1,0,1,0,2,1,1,1
SM-CJK5A,0,2,1,2,1,0,0,0,2,0,0,0,0,0,0,0,1,2,1,0,1
SM-CJK5B,1,1,1,0,1,2,1,0,2,1,0,0,0,0,0,2,0,1,1,0,1
SM-CJK5C,1,1,0,0,0,2,0,0,1,1,1,0,2,0,0,1,1,1,1,0,1
SM-CJK5D,1,0,0,1,0,0,0,0,1,0,0,0,1,0,0,1,1,2,1,0,1
SM-CJK5E,0,1,0,0,0,2,0,1,1,1,0,1,0,0,0,1,1,1,1,1,1
SM-CJK5F,1,0,0,2,1,2,0,1,2,0,0,0,1,0,1,0,1,0,2,1,1
SM-CJK5G,1,1,0,0,0,1,1,0,2,0,0,1,1,0,1,1,1,2,0,0,1
SM-CJK5H,2,1,0,0,1,0,0,0,2,0,0,1,1,0,0,2,1,2,1,2,1
SM-CJK5I,0,1,1,0,1,2,0,0,1,0,0,1,2,0,0,1,1,2,0,0,1
SM-CJK5J,1,2,0,1,0,1,0,0,2,0,1,1,1,0,1,0,2,1,0,1,1
SM-CJK5K,1,0,1,2,1,1,0,0,2,0,0,0,1,0,0,1,0,1,1,0,1
SM-CJK5L,0,1,0,2,2,2,0,0,1,0,0,1,1,0,0,0,2,2,0,0,2
SM-CJK5N,1,2,0,0,1,1,0,0,2,0,0,0,1,1,0,1,1,2,0,0,1
SM-CJK5P,0,0,0,1,2,2,0,0,1,0,0,1,1,0,0,0,2,1,1,0,1
SM-CJK5Q,1,1,0,1,0,1,1,0,0,2,1,0,0,0,2,1,0,2,1,0,1
SM-CTDQE,1,1,0,0,0,1,0,0,2,0,0,0,1,0,0,1,1,1,0,0,1
SM-CTDQF,0,0,1,0,1,2,0,0,1,1,1,0,2,0,0,1,2,2,0,0,1
SM-CTDQG,0,0,1,2,0,1,0,0,2,0,0,0,2,0,0,0,1,1,1,1,1
SM-CTDQH,0,2,1,0,0,1,1,0,2,0,1,0,2,0,1,0,0,1,0,1,1
SM-CTDQI,2,2,0,0,2,2,1,0,1,1,0,1,1,0,0,2,0,1,0,1,1
SM-CTDQJ,1,1,1,1,1,1,0,0,2,0,1,0,0,0,0,2,1,1,2,1,1
SM-CTDQK,0,2,0,1,1,2,0,0,1,1,0,0,2,0,0,1,1,1,0,0,1
SM-CTDQL,0,1,0,0,2,1,0,0,2,1,0,0,2,0,0,1,1,1,0,0,1
SM-CTDQM,0,1,0,2,2,1,1,0,2,0,0,0,2,1,0,0,2,2,1,1,1
SM-CTDQN,2,1,0,0,0,1,0,0,1,1,0,1,2,0,0,2,1,2,1,0,1
SM-CTDQO,0,1,0,0,1,1,1,0,0,1,1,0,1,0,1,0,0,2,0,0,1
SM-CTDQP,0,0,0,1,0,2,2,0,1,0,0,0,2,0,0,0,1,2,0,0,1
SM-CTDQQ,1,2,0,1,2,1,0,0,2,0,0,0,2,1,0,2,1,2,0,0,1
SM-CTDQR,0,1,0,1,1,2,1,0,1,0,1,0,2,0,0,0,0,1,0,0,1
SM-CTDQS,2,2,0,1,0,2,2,0,2,0,0,0,1,0,0,1,0,2,0,1,1
SM-CTDQT,1,2,0,0,1,1,0,0,1,1,1,1,1,0,0,1,1,2,0,1,1
SM-CTDQU,0,1,0,1,0,1,0,0,2,0,1,1,2,1,0,0,1,2,1,0,1
SM-CTDQV,0,0,1,0,1,1,1,0,2,0,0,0,1,0,0,1,1,2,2,0,1
SM-CTDQW,0,1,1,0,1,1,0,0,1,0,0,2,1,0,0,0,0,2,1,0,1
SM-CTDQX,0,0,1,0,1,1,1,1,2,0,0,0,2,1,1,0,0,1,1,0,1
SM-CTDQY,2,2,0,0,1,0,1,0,1,0,0,0,2,0,0,1,0,2,0,0,1
SM-CTDQZ,0,0,1,0,1,1,0,0,2,0,1,1,2,0,0,0,1,2,0,1,1
SM-CTDR1,1,0,1,0,1,1,0,1,2,0,0,0,2,0,1,1,1,1,1,1,1
SM-CTDR2,1,1,0,1,0,1,0,0,2,0,0,0,1,1,0,1,1,2,0,0,1
SM-CTDR3,1,0,1,2,0,2,0,0,2,0,1,1,1,0,0,1,0,2,1,0,1
SM-CTDR4,1,1,0,2,1,1,0,0,0,0,0,0,1,0,0,2,0,1,0,1,1
SM-CTDR5,0,1,1,2,2,1,0,0,2,0,0,1,2,0,0,0,0,2,0,0,1
SM-CTDR6,1,0,1,0,0,2,0,0,1,0,1,0,1,0,0,2,1,2,0,1,1
SM-CTDR7,1,1,0,0,0,2,1,0,2,0,1,1,2,0,1,1,0,0,1,1,1
SM-CTDR8,1,1,1,1,1,1,0,0,2,0,0,0,2,0,1,2,0,2,1,0,1
SM-CTDR9,2,2,1,1,1,2,1,0,2,0,1,1,2,0,0,0,0,2,2,1,1
SM-CTDRA,0,1,1,1,1,1,1,0,2,0,0,0,2,1,1,0,1,1,0,0,1
SM-CTDRB,1,1,1,0,1,1,2,1,2,0,1,0,1,0,0,1,1,1,0,0,1
SM-CTDRC,1,0,1,2,0,1,0,0,2,0,0,0,2,0,0,2,0,1,0,1,1
SM-CTDRD,0,1,0,2,1,0,0,0,1,0,0,0,2,2,0,0,1,1,0,0,1
SM-CTDRE,1,1,1,0,1,2,1,0,2,0,0,1,2,0,0,0,1,2,1,1,1
SM-CTDRF,1,1,0,0,1,1,0,0,2,0,1,0,1,0,0,0,1,2,2,1,1
SM-CTDRG,1,1,0,0,0,2,0,0,2,0,0,1,0,0,0,2,0,2,1,0,1
SM-CTDRH,1,1,1,2,0,2,0,0,2,0,0,0,0,0,0,1,0,2,1,0,1
SM-CTDRI,1,2,0,0,1,2,0,1,2,0,0,1,2,0,0,1,0,1,1,1,1
SM-CTDRJ,0,0,1,1,0,2,1,0,2,0,0,0,2,0,0,0,1,2,1,0,1
SM-CTDRK,1,0,0,0,2,1,1,0,1,0,0,0,1,1,0,1,0,2,0,0,1
SM-CTDRL,1,1,0,1,1,2,0,0,2,0,2,1,1,0,1,1,1,2,1,0,1
SM-CTDRM,1,1,2,1,0,1,1,1,2,0,1,0,2,0,0,1,1,2,1,0,1
SM-CTDRN,2,1,1,1,1,2,2,1,1,1,2,0,0,1,0,1,1,1,1,0,1
SM-CTDRO,1,2,0,0,0,1,0,0,2,0,1,0,1,0,0,2,0,1,0,0,1
SM-CTDRP,1,1,0,2,1,1,0,0,1,0,1,1,1,0,2,2,0,2,0,1,1
SM-CTDRQ,0,0,1,1,0,2,0,0,0,1,0,0,1,0,1,1,0,2,2,0,1
SM-CTDRR,1,1,0,1,2,1,1,0,2,0,0,1,0,0,0,2,0,0,1,1,1
SM-CTDRS,2,2,1,0,0,2,0,0,1,0,0,1,2,1,1,2,0,1,1,0,1
SM-CTDRT,1,0,0,0,1,2,0,0,2,0,1,1,2,1,1,1,0,1,1,0,1
SM-CTDRU,1,2,0,1,1,1,0,1,2,0,0,1,2,0,0,0,0,2,0,0,1
SM-CTDRV,1,0,1,1,0,1,0,0,2,0,1,1,2,0,0,1,1,2,0,1,1
SM-CTDRW,1,1,0,1,1,2,0,0,1,1,0,1,2,0,2,1,1,2,2,1,1
SM-CTDRX,0,0,0,1,1,0,1,0,1,0,1,0,1,1,0,0,1,2,0,0,1
SM-CTDRY,0,1,1,2,2,1,0,0,1,0,0,1,0,0,0,0,1,2,0,0,1
SM-CTDRZ,0,1,0,1,1,2,0,0,1,0,1,1,0,0,0,1,1,1,1,0,1
SM-CTDS1,1,1,1,0,2,2,1,0,2,0,0,1,1,1,0,2,1,2,0,0,1
SM-CTDS2,2,1,0,0,1,2,1,0,2,0,2,0,2,0,0,2,1,1,1,0,1
SM-CTDS3,1,1,0,0,0,1,0,0,2,0,0,0,2,1,1,0,1,2,0,1,1
SM-CTDS4,1,1,1,1,0,2,0,0,2,0,0,1,0,0,0,1,0,2,1,0,1
SM-CTDS5,1,0,0,2,2,2,0,0,2,0,0,0,1,0,0,1,1,2,0,1,1
SM-CTDS6,1,1,0,0,2,0,0,0,1,1,1,0,0,0,0,1,2,1,0,0,1
SM-CTDS7,0,1,1,1,1,1,1,1,2,0,0,1,1,0,0,0,2,2,0,0,1
SM-CTDS8,1,1,0,0,2,2,0,0,2,0,0,1,2,0,0,1,0,1,2,0,1
SM-CTDS9,0,0,1,1,1,0,0,0,2,0,0,0,2,0,0,1,1,1,0,0,1
SM-CTDSA,1,0,0,0,1,0,1,0,0,1,2,0,2,0,0,1,0,0,2,1,1
SM-CTDSB,0,1,0,1,1,2,0,0,1,0,0,1,2,1,1,0,1,2,1,0,1
SM-CTDSC,0,0,0,0,1,1,0,0,1,0,0,1,1,1,0,0,0,2,0,0,1
SM-CTDSD,0,1,2,0,1,1,1,0,2,0,0,1,1,0,0,0,0,2,2,0,1
SM-CTDSF,0,0,0,1,1,1,1,0,2,0,0,1,2,0,0,1,1,2,1,0,1
SM-CTDSG,1,1,1,0,1,1,1,0,1,0,1,0,2,0,0,1,0,2,1,0,1
SM-CTDSH,0,1,0,1,0,2,1,1,2,0,1,1,2,0,0,1,1,1,0,0,1
SM-CTDSI,2,1,0,0,0,0,0,0,2,0,1,0,2,0,1,1,2,2,0,0,1
SM-CTDSJ,2,1,0,2,0,2,1,0,2,0,1,0,2,0,1,2,0,2,0,1,2
SM-CTDSK,1,2,0,1,2,0,0,0,2,0,0,0,1,1,0,1,1,0,1,1,1
SM-CTDSL,2,1,0,0,1,1,0,0,1,0,0,1,1,0,1,1,0,1,0,1,1
SM-CTDSM,1,0,1,0,1,2,0,0,2,0,0,0,0,0,0,1,1,2,1,0,1
SM-CTDSN,0,2,0,0,2,1,0,0,2,0,1,0,1,0,0,0,1,1,1,0,1
SM-CTDSO,2,1,0,1,0,1,0,0,1,1,0,0,2,0,1,1,1,2,0,0,1
SM-CTDSP,2,0,1,2,0,1,1,0,2,0,0,0,1,1,0,1,1,1,1,0,1
SM-CTDSR,0,0,0,0,0,1,1,0,2,0,1,0,0,0,0,0,0,2,2,0,1
SM-CTDSS,0,2,0,0,1,1,0,0,1,1,0,0,2,0,0,1,0,0,1,1,1
SM-CTDST,0,1,1,0,1,1,0,0,1,0,0,0,1,0,0,1,0,1,0,2,1
SM-CTDSU,0,1,0,1,0,2,0,0,1,1,0,0,2,1,0,0,1,1,1,0,1
SM-CTDSV,0,1,2,1,1,2,1,0,2,0,0,1,2,0,0,0,1,2,2,0,1
SM-CTDSW,1,2,0,1,1,2,0,0,2,0,1,0,2,0,0,1,1,2,2,0,1
SM-CTDSX,1,1,1,0,1,2,1,0,2,0,0,0,1,0,0,1,0,2,0,0,1
SM-CTDSY,0,1,0,1,1,1,2,0,2,0,0,0,0,0,0,0,0,1,0,0,1
SM-CTDSZ,2,0,0,1,0,1,0,0,1,0,0,0,1,0,0,2,0,2,0,0,1
SM-CTDT1,0,1,1,2,0,2,0,0,1,0,0,0,1,0,0,1,2,1,1,0,1
SM-CTDT2,2,2,0,0,0,2,0,0,1,0,0,0,1,0,1,1,2,0,1,0,1
SM-CTDT3,0,0,1,0,1,2,1,0,2,0,0,0,1,0,0,0,1,2,0,1,1
SM-CTDT4,1,0,1,2,1,2,0,0,1,0,0,1,1,0,0,1,0,2,1,0,1
SM-CTDT5,1,1,0,2,0,1,0,0,2,0,1,1,1,1,1,1,2,1,0,0,1
SM-CTDT6,0,1,0,1,2,2,0,1,2,0,1,0,1,0,0,1,0,2,0,1,1
SM-CTDT7,0,1,0,2,2,2,0,0,2,0,0,0,1,0,0,1,1,2,0,0,1
SM-CTDT8,1,1,1,1,0,1,0,0,2,0,1,0,1,0,1,0,1,2,2,0,1
SM-CTDT9,1,2,0,0,2,1,0,0,1,0,0,1,2,0,0,1,1,2,0,0,1
SM-CTDTA,1,1,1,2,1,1,0,0,1,0,0,0,2,0,1,1,0,2,0,0,1
SM-CTDTB,1,1,0,1,0,2,1,1,2,0,1,0,1,0,0,1,1,1,2,1,1
SM-CTDTD,0,0,2,1,0,2,0,0,2,0,2,0,1,0,1,0,2,1,0,0,1
SM-CTDTE,0,0,1,0,0,1,1,0,2,0,0,0,1,0,0,1,1,0,0,0,1
SM-CTDTF,1,1,0,1,0,1,0,0,1,0,0,0,0,0,0,1,1,1,0,0,1
SM-CTDTG,1,1,0,1,1,0,0,1,1,0,1,1,1,0,0,1,0,2,0,0,1
SM-CTDTH,1,1,1,0,1,1,1,0,1,0,2,0,2,0,0,2,2,2,1,0,1
SM-CTDTI,1,1,0,0,0,1,1,0,1,0,1,0,2,0,0,0,0,2,0,0,1
SM-CTDTJ,1,1,1,0,1,2,1,0,2,0,0,0,1,0,0,0,1,1,1,0,1
SM-CTDTK,0,0,1,0,1,1,1,0,1,1,0,0,1,1,0,0,2,2,0,0,1
SM-CTDTL,0,1,0,0,0,2,1,1,2,0,1,0,1,0,0,0,2,2,1,0,1
SM-CTDTM,1,1,1,2,1,1,1,0,0,0,0,0,0,1,0,1,0,1,2,0,1
SM-CTDTN,1,1,1,2,1,1,0,0,2,0,0,2,1,0,1,1,1,2,0,0,1
SM-CTDTO,1,2,0,1,0,2,0,0,2,0,1,1,0,0,0,1,0,0,0,0,1
SM-CTDTP,1,0,0,0,0,1,0,0,1,0,0,0,2,0,0,0,1,1,0,1,1
SM-CTDTQ,0,1,1,0,1,2,0,0,2,0,0,1,0,0,0,0,1,1,1,1,1
SM-CTDTR,0,1,0,1,0,2,0,0,2,0,0,0,2,0,1,1,0,2,1,1,1
SM-CTDTS,0,2,1,2,0,0,0,0,1,1,1,0,1,0,0,1,1,2,0,0,1
SM-CTDTT,0,2,0,1,1,1,1,0,2,0,1,1,2,0,0,0,2,1,0,0,1
SM-CTDTV,2,1,0,1,1,2,1,1,2,0,0,1,2,0,0,2,1,0,1,0,1
SM-CTDTW,2,1,0,2,0,1,0,0,2,0,0,1,2,0,1,1,0,2,2,0,1
SM-CTDTX,0,2,1,1,0,1,0,0,2,0,1,0,1,0,0,0,0,2,1,0,1
SM-CTDTY,1,1,1,0,0,2,0,0,1,0,1,1,2,0,0,2,0,2,0,0,1
SM-CTDTZ,2,1,0,1,1,1,1,0,2,0,0,1,1,0,0,1,1,1,1,1,1
SM-CTDU1,0,2,0,1,2,2,1,0,2,0,0,1,0,0,0,1,1,2,1,1,1
SM-CTDU2,1,2,0,1,1,1,1,0,1,1,0,0,1,0,0,1,1,2,0,0,0
SM-CTDU4,0,1,0,2,2,2,1,0,1,0,0,0,1,2,0,0,0,2,0,0,1
SM-CTDU5,0,1,1,0,1,1,0,0,1,0,0,2,1,0,1,0,1,2,1,1,1
SM-CTDU6,1,1,0,1,0,2,0,0,2,0,0,0,1,1,0,1,0,0,1,0,1
SM-CTDU7,0,0,0,1,1,1,1,0,1,1,0,1,2,0,1,1,2,1,1,0,1
SM-CTDU8,1,0,1,1,0,2,0,0,2,1,1,1,0,0,0,1,0,2,0,0,1
SM-CTDU9,0,2,0,1,0,2,0,0,2,0,0,0,2,0,1,2,1,1,0,1,1
SM-CTDUA,1,0,0,2,2,2,1,0,1,0,0,1,2,0,0,0,0,2,1,0,1
SM-CTDUB,0,2,0,1,1,1,1,0,2,0,2,0,2,0,0,0,0,1,0,0,1
SM-CTDUC,0,2,1,1,1,0,1,0,2,0,0,2,1,0,0,0,0,2,2,0,1
SM-CTDUD,0,2,1,1,1,2,0,0,2,0,0,1,1,0,0,0,0,2,1,0,1
SM-CTDUE,1,1,0,2,1,1,0,0,2,0,1,2,2,0,0,1,0,2,0,1,1
SM-CTDUF,2,2,0,1,0,1,0,0,2,0,0,1,1,0,0,2,0,2,0,0,1
SM-CTDUG,0,0,0,1,1,0,0,0,2,0,0,1,2,1,0,1,2,1,1,1,1
SM-CTDUH,0,2,0,0,1,1,0,0,1,1,0,0,1,0,0,0,1,2,0,1,1
SM-CTDUI,0,1,0,2,0,2,1,0,1,1,0,1,1,1,1,0,2,1,0,0,1
SM-CTDUJ,1,1,2,1,2,1,0,0,1,1,0,1,1,0,0,1,1,1,1,0,1
SM-CTDUK,1,0,0,2,0,1,1,0,2,0,0,2,1,0,0,0,1,2,0,0,1
SM-CTDUL,1,0,0,2,1,1,0,0,2,0,0,1,1,0,0,1,0,0,0,1,1
SM-CTDUM,1,0,1,1,0,2,1,0,2,0,0,1,2,1,0,1,2,2,0,1,1
SM-CTDUN,2,1,0,1,2,1,1,0,1,1,0,0,1,0,0,0,0,1,1,1,1
SM-CTDUO,0,1,1,1,0,1,0,0,2,0,1,1,1,0,0,0,1,1,0,0,1
SM-CTDUP,1,1,1,1,1,1,0,0,1,0,0,0,1,0,1,1,1,2,0,0,1
SM-CTDUQ,1,0,1,0,0,1,1,0,2,0,0,0,1,2,0,1,0,2,1,0,1
SM-CTDUR,1,0,0,1,1,1,0,0,1,0,1,0,2,0,0,1,0,2,0,1,1
SM-CTDUS,1,1,0,0,0,1,1,0,1,0,0,0,0,0,0,1,1,0,1,0,1
SM-CTDUT,0,2,0,1,0,2,0,0,2,0,1,2,2,0,0,0,1,2,1,0,1
SM-CTDUU,1,1,1,1,0,2,1,0,1,1,0,1,1,0,0,2,0,1,0,0,1
SM-CTDUV,1,2,1,0,1,2,1,0,2,0,0,0,1,0,0,1,0,2,1,1,1
SM-CTDUW,0,0,0,1,1,2,0,0,2,0,2,0,0,1,0,0,1,2,0,0,1
SM-CTDUX,1,1,2,0,0,2,0,0,1,0,1,0,1,0,0,1,1,2,1,0,1
SM-CTDUY,1,0,1,0,2,1,0,0,2,0,0,1,2,0,0,1,0,1,0,0,1
SM-CTDUZ,0,1,0,2,1,2,1,0,2,0,0,0,2,1,0,0,1,2,1,1,1
SM-CTDV1,1,1,1,1,1,1,0,0,2,0,1,0,1,0,0,1,1,0,1,1,1
SM-CTDV2,1,0,0,1,0,1,1,0,1,0,1,1,1,0,0,1,1,2,0,0,1
SM-CTDV3,2,2,1,1,0,2,1,0,2,1,1,1,1,0,1,1,2,2,0,1,2
SM-CTDV4,1,1,0,0,0,2,1,0,2,0,1,1,0,0,0,1,0,0,0,1,1
SM-CTDV5,2,2,0,1,1,1,0,0,2,0,0,2,2,1,0,2,0,1,0,0,1
SM-CTDV6,0,0,0,1,0,1,0,0,1,0,1,1,1,0,0,1,2,2,0,0,1
SM-CTDV7,1,1,0,0,2,2,0,0,1,1,0,1,2,0,0,1,1,1,0,1,1
SM-CTDV8,0,1,0,2,0,2,2,0,2,0,1,0,2,1,0,0,1,1,2,2,1
SM-CTDV9,0,0,1,0,0,2,0,0,2,0,1,1,1,0,0,0,0,0,0,0,1
SM-CTDVA,0,1,2,1,0,1,0,0,2,0,0,0,1,0,0,0,1,2,2,0,1
SM-CTDVB,0,0,0,1,1,1,0,0,1,1,1,1,0,0,0,0,1,2,1,1,1
SM-CTDVC,1,1,1,1,1,0,0,0,2,0,1,0,2,1,0,1,0,2,2,0,1
SM-CTDVD,0,0,0,1,1,1,0,0,1,0,1,0,0,0,1,0,1,2,1,0,1
SM-CTDVE,1,1,0,1,0,2,1,0,1,1,0,0,0,1,0,1,1,1,0,0,1
SM-CTDVF,2,1,1,1,1,1,1,0,1,1,1,0,2,0,1,1,2,1,1,0,1
SM-CTDVG,0,0,0,2,1,1,0,1,1,0,0,0,1,1,0,0,1,2,2,0,1
SM-CTDVH,1,2,0,2,0,2,1,0,2,0,1,1,1,0,0,1,0,1,0,0,2
SM-CTDVI,1,2,0,1,0,1,0,0,1,0,1,0,2,0,0,0,1,0,2,0,1
SM-CTDVJ,0,0,1,1,0,2,0,0,1,0,1,0,1,0,0,0,1,2,0,1,1
SM-CTDVK,1,0,1,1,0,2,1,0,2,0,0,1,2,0,0,1,1,2,1,0,1
SM-CTDVL,1,1,0,0,1,2,0,0,1,0,1,1,1,0,0,1,1,2,1,0,1
SM-CTDVM,0,1,2,1,0,1,1,0,2,0,0,1,2,0,0,0,0,1,0,0,1
SM-CTDVN,1,1,1,2,1,1,0,0,2,0,0,1,2,1,0,1,1,2,1,0,1
SM-CTDVO,0,1,1,2,0,2,0,0,2,0,0,1,2,0,0,1,0,1,2,0,1
SM-CTDVP,1,1,1,2,1,2,0,0,1,1,0,0,1,0,0,2,1,2,0,1,1
SM-CTDVR,1,2,2,2,1,1,1,2,1,0,1,0,1,0,0,1,1,2,0,0,1
SM-CTDVS,0,1,0,1,0,2,0,0,1,0,1,0,1,0,0,1,1,2,1,1,1
SM-CTECE,0,2,0,1,0,2,1,1,2,0,0,1,0,0,0,0,1,2,0,0,1
SM-CTECF,0,2,0,0,1,2,0,0,1,0,0,0,2,0,0,0,2,2,2,0,1
SM-CTECG,0,0,0,0,1,2,0,0,1,1,0,0,0,0,0,0,2,2,1,1,1
SM-CTECH,0,0,2,1,0,1,1,0,2,1,2,1,1,0,0,0,0,1,1,0,1
SM-CTECI,1,1,1,1,1,2,0,0,2,0,0,1,2,1,0,1,1,2,1,0,1
SM-CTECL,0,2,0,0,0,2,2,0,2,0,1,0,1,1,0,0,2,2,1,0,1
SM-CTECN,0,1,1,0,1,1,2,0,2,0,1,0,0,1,0,0,1,1,1,1,1
SM-CTECO,1,2,0,0,0,2,1,0,0,2,1,2,2,0,0,1,0,2,1,0,1
SM-CTECP,1,1,0,1,0,1,0,0,2,0,1,1,2,1,2,2,0,2,0,0,1
SM-CTECQ,1,1,1,2,0,0,0,0,2,0,0,0,1,0,0,1,0,1,0,1,1
SM-CTECR,0,1,1,1,1,0,0,0,2,0,1,0,2,0,0,0,0,1,0,0,1
SM-CTECS,1,1,0,1,0,1,0,0,1,0,0,1,0,0,0,1,0,1,0,1,1
SM-CTECT,1,2,0,1,0,1,1,0,2,0,0,1,2,0,1,2,1,2,1,0,1
SM-CTECU,1,1,1,2,0,1,0,0,2,0,1,0,2,0,0,1,1,1,1,0,1
SM-CTECV,1,1,0,2,2,2,0,0,2,0,0,0,2,0,0,1,1,0,1,1,1
SM-CTECW,1,0,0,1,0,2,0,0,2,1,0,1,1,0,0,1,0,2,0,0,1
SM-CTECX,1,0,0,0,2,2,1,0,2,1,1,0,1,0,0,1,0,1,1,0,1
SM-CTECY,0,1,0,1,0,1,0,0,2,0,0,0,2,1,0,0,1,1,1,0,1
SM-CTECZ,0,0,0,0,0,1,0,0,1,0,0,0,2,0,0,0,0,1,0,1,1
SM-CTED1,0,0,0,1,1,1,1,0,1,1,0,1,2,0,0,1,0,1,1,1,1
SM-CTED2,1,1,0,1,0,2,0,0,2,0,0,0,2,0,1,1,0,2,1,0,1
SM-CTED3,0,2,2,0,1,2,0,0,2,0,0,0,1,0,1,0,2,2,1,1,1
SM-CTED4,1,0,0,1,1,2,1,0,2,0,0,1,1,1,0,0,0,1,1,0,1
SM-CTED5,1,1,1,0,1,1,2,0,2,0,0,1,1,1,0,1,2,0,0,1,1
SM-CTED6,2,1,1,1,1,2,0,1,2,0,1,0,2,0,0,2,1,2,0,0,1
SM-CTED7,1,1,0,0,0,1,0,0,1,1,1,0,1,0,0,1,1,2,1,0,1
SM-CTED8,0,1,2,1,0,2,0,0,2,0,0,1,2,0,0,0,0,2,0,0,1
SM-CTED9,0,0,0,0,0,1,0,0,2,0,0,0,2,0,0,1,1,2,1,0,1
SM-CTEDA,0,0,0,1,0,2,0,0,1,1,0,0,2,0,1,1,1,0,1,0,1
SM-CTEDB,0,0,0,2,1,2,1,0,2,0,0,1,2,0,0,1,0,2,0,0,1
SM-CTEDC,0,0,0,1,1,2,0,0,2,0,1,1,2,0,0,0,0,2,1,0,1
SM-CTEDD,1,1,0,2,1,1,0,0,1,0,0,0,2,1,0,1,0,2,0,0,1
SM-CTEDE,1,1,0,1,1,0,1,0,2,0,0,1,1,0,0,1,1,1,0,1,1
SM-CTEDF,1,1,0,2,1,1,0,0,1,0,1,1,1,0,2,2,0,2,0,1,1
SM-CTEDG,1,0,0,0,0,2,1,0,1,1,1,0,1,0,0,1,1,1,0,0,1
SM-CTEDH,0,0,1,1,2,1,1,0,1,0,1,1,2,0,0,0,1,1,0,0,1
SM-CTEDK,0,0,0,1,1,2,0,0,1,0,0,2,2,0,0,0,1,2,0,0,1
SM-CTEDL,1,1,0,1,1,1,0,0,2,0,0,0,1,0,0,1,2,2,0,0,1
SM-CTEDM,1,0,0,1,0,1,1,0,1,1,2,0,2,0,0,2,1,2,1,1,1
SM-CTEDN,0,0,0,1,0,1,0,0,2,0,0,0,1,0,1,0,0,0,0,0,1
SM-CTEDO,1,1,0,0,1,2,1,0,1,0,1,1,1,1,0,1,2,2,0,2,1
SM-CTEDP,1,0,1,1,0,1,1,0,2,0,0,0,2,0,0,1,1,1,1,0,1
SM-CTEDQ,0,1,0,1,0,1,1,0,2,0,0,2,2,0,0,0,0,1,0,1,1
SM-CTEDR,0,0,0,1,1,1,1,1,1,1,0,0,2,1,0,0,1,2,1,0,1
SM-CTEDS,0,0,0,0,1,1,1,0,2,0,1,2,1,0,0,0,1,1,0,0,1
SM-CTEDU,0,1,0,2,2,2,2,0,1,0,2,0,1,1,0,1,0,1,0,0,1
SM-CTEDW,2,1,1,0,1,2,0,0,0,0,0,0,2,1,1,2,1,1,0,1,1
SM-CTEDY,1,0,1,0,0,2,1,0,2,0,1,1,1,0,0,1,0,1,0,0,1
SM-CTEDZ,0,0,0,1,1,1,1,0,1,1,1,1,1,0,0,2,0,0,2,0,1
SM-CTEE2,0,1,0,1,0,1,1,0,1,0,2,0,1,0,0,0,1,1,1,0,1
SM-CTEE3,0,1,0,1,1,1,1,0,1,0,0,2,1,0,1,1,2,2,1,1,1
SM-CTEE4,2,2,0,0,0,2,0,0,2,0,0,1,1,0,0,2,0,1,0,2,1
SM-CTEE5,2,1,1,0,0,1,1,0,2,0,0,0,1,0,0,2,0,1,2,0,1
SM-CTEE6,1,0,1,1,1,1,0,0,2,0,1,2,0,0,0,1,2,1,1,0,1
SM-CTEE7,0,1,0,0,1,1,0,0,1,0,0,0,1,1,0,1,0,2,2,0,1
SM-CTEE8,0,0,0,2,0,0,2,0,2,0,2,0,1,2,0,0,0,2,0,0,1
SM-CTEEA,1,1,1,1,0,2,1,0,2,0,1,0,1,0,0,2,2,0,1,0,1
SM-CTEEB,0,1,0,2,0,2,0,0,1,0,0,1,0,1,0,0,0,1,1,1,1
SM-CTEEC,1,0,0,1,0,2,0,0,2,0,1,1,0,1,0,0,0,2,1,1,1
SM-CTEED,0,0,0,0,1,2,0,0,1,0,0,0,2,0,0,0,0,1,1,1,1
SM-CTEEF,1,1,0,2,1,1,1,0,1,0,1,0,1,0,1,1,2,2,2,0,1
SM-CTEEG,0,1,0,1,0,2,0,0,2,0,1,0,0,1,0,0,2,2,0,0,1
SM-CTEEH,2,1,1,1,0,2,0,0,2,0,1,1,1,0,0,1,2,2,2,0,1
SM-CTEEI,0,0,0,1,0,2,0,0,2,0,0,0,1,0,0,1,1,2,1,0,1
SM-CTEEJ,0,2,0,2,0,1,0,1,0,1,0,2,1,0,1,0,0,1,1,1,1
SM-CTEEK,0,1,0,1,1,1,0,0,2,0,1,1,0,0,0,0,1,2,0,0,1
SM-CTEEL,1,0,0,1,2,2,1,0,2,0,0,1,2,0,1,0,0,1,0,0,1
SM-CTEEM,1,1,0,1,2,0,1,0,2,0,1,0,1,0,1,1,1,1,0,0,1
SM-CTEEN,1,1,0,0,0,1,1,0,2,0,0,1,1,1,0,2,2,2,0,1,1
SM-CTEEO,1,0,1,2,1,2,1,0,1,0,0,2,1,0,0,0,0,2,1,1,1
SM-CTEEP,1,1,0,0,1,2,1,1,2,0,1,2,1,0,0,1,0,1,1,2,1
SM-CTEEQ,0,0,0,0,0,1,0,0,2,0,0,2,0,0,0,0,1,1,0,0,1
SM-CTEER,0,1,0,1,2,0,1,0,2,0,1,0,0,0,0,0,0,2,0,0,1
SM-CTEET,1,0,0,1,0,1,0,1,2,0,1,0,2,0,0,1,0,0,0,0,1
SM-CTEEU,0,1,0,1,1,2,1,0,2,0,0,0,1,0,1,0,0,2,1,0,1
SM-CTEEV,0,2,2,1,0,2,0,0,2,0,0,0,2,0,1,0,1,1,1,0,1
SM-CTEEX,0,0,0,1,2,2,1,0,1,1,0,0,1,1,0,1,1,1,0,1,1
SM-CTEEY,2,2,0,1,0,2,0,2,1,0,0,0,2,0,0,1,0,1,0,0,1
SM-CTEEZ,1,2,1,1,0,1,1,0,2,0,1,0,2,0,0,1,0,1,1,0,1
SM-CTEF1,1,2,0,1,2,1,0,0,0,1,0,0,2,0,0,2,1,1,0,1,1
SM-CTEF2,0,1,1,1,2,1,0,0,2,0,2,0,2,0,0,0,0,1,1,0,1
SM-CTEF3,0,0,0,1,1,2,0,0,2,0,1,1,1,0,0,1,2,1,1,0,1
SM-CTEF4,0,1,0,1,2,2,0,0,1,1,1,1,2,1,0,1,0,1,1,0,1
SM-CTEF5,0,1,0,2,0,1,0,0,2,0,0,1,2,0,0,1,0,2,1,0,1
SM-CTEF7,0,2,0,1,2,2,1,0,1,0,0,1,1,0,0,0,2,1,0,0,1
SM-CTEF8,1,0,0,1,1,2,0,0,2,0,2,1,0,1,0,1,1,1,0,1,1
SM-CTEF9,0,1,1,0,1,1,0,0,2,0,1,1,2,0,0,0,2,1,1,0,1
SM-CTEFA,2,2,0,1,1,1,0,0,1,0,1,0,1,1,0,2,0,1,1,0,1
SM-CTEFB,2,0,0,0,1,2,0,0,2,1,0,0,2,0,0,1,0,2,0,1,1
SM-CTEFC,1,0,1,1,0,1,0,0,2,0,1,0,1,0,0,1,1,1,0,0,1
SM-CTEFD,0,0,0,1,0,2,0,0,1,0,1,0,2,0,0,1,2,1,1,2,1
SM-CTEFE,0,2,2,0,0,2,0,0,2,0,0,0,0,0,1,0,0,2,1,1,1
SM-CTEFF,0,1,1,2,0,1,0,0,2,0,0,0,0,0,2,1,1,2,0,1,1
SM-CTEFG,1,2,1,2,1,2,1,0,2,0,0,1,2,1,0,1,1,0,1,0,1
SM-CTEFH,1,0,0,1,1,2,0,0,2,0,1,0,0,0,0,1,0,2,0,0,1
SM-CTEFI,2,1,2,2,1,1,1,0,1,1,1,0,1,1,1,1,2,0,1,0,1
SM-CTEFJ,1,2,0,0,0,2,1,0,2,0,0,0,1,1,0,1,0,1,1,0,1
SM-CTEFK,0,0,0,1,0,1,1,0,2,0,0,0,2,0,0,1,1,2,0,1,1
SM-CTEFL,1,1,0,1,1,1,0,0,2,0,0,1,2,2,1,1,0,2,0,1,1
SM-CTEFM,0,1,0,1,0,0,0,0,1,0,1,0,1,0,0,0,1,2,1,0,1
SM-CTEFN,0,1,0,0,1,1,2,0,2,0,0,0,1,0,0,0,2,1,1,0,1
SM-CTEFO,1,0,1,2,1,2,0,0,1,0,1,1,0,0,0,1,1,2,1,0,1
SM-CTEFP,1,0,2,2,0,2,0,1,2,0,0,0,1,0,1,1,0,2,2,0,1
SM-CTEFQ,1,1,0,2,1,1,1,0,2,1,0,1,1,0,0,1,1,2,1,0,1
SM-CTEFR,0,0,0,1,0,1,0,0,2,0,0,1,2,0,0,1,0,2,0,0,1
SM-CTEFS,1,0,0,1,1,2,1,1,1,0,1,1,0,0,0,0,0,2,0,0,1
SM-CTEFT,0,1,0,1,2,1,1,0,2,0,0,0,1,1,0,0,0,2,0,0,1
SM-CTEFU,2,1,1,0,0,1,0,0,1,0,0,0,1,1,0,0,0,2,1,0,1
SM-CTEFV,1,0,0,2,1,1,0,0,1,1,0,1,2,0,0,1,0,2,0,0,1
SM-CTEFW,0,1,0,0,1,2,0,0,0,1,0,0,1,0,1,0,0,1,1,1,1
SM-CTEFX,1,0,1,2,1,2,1,0,2,0,0,0,1,0,0,1,1,1,1,0,1
SM-CTEFY,2,0,0,1,1,1,0,0,2,0,0,0,1,0,0,1,0,0,1,1,1
SM-CTEFZ,1,2,1,2,1,2,0,0,2,0,1,0,2,0,0,1,2,1,1,1,1
SM-CTEG1,2,1,0,1,2,2,0,0,1,1,0,1,2,0,0,2,1,1,1,1,1
SM-CTEG2,1,1,0,2,1,1,0,0,2,0,1,1,0,0,0,1,0,0,1,1,1
SM-CTEG3,2,1,0,1,2,0,1,0,2,0,0,0,1,1,0,2,1,2,1,0,1
SM-CTEG4,0,2,1,1,1,2,1,0,2,0,1,0,2,0,0,0,1,1,0,0,1
SM-CTEG5,2,0,2,0,0,1,1,0,2,0,0,0,2,0,1,1,2,2,0,1,1
SM-CTEG6,0,1,0,1,0,2,1,0,2,0,1,1,1,0,0,1,0,0,0,1,1
SM-CTEG7,1,0,1,0,0,1,0,0,2,0,0,0,1,1,0,1,0,1,1,0,1
SM-CTEG8,0,1,0,1,0,1,2,0,2,0,1,1,0,0,0,1,0,2,0,0,1
SM-CTEG9,1,2,0,2,1,1,1,0,2,0,0,1,2,1,0,0,0,1,1,1,1
SM-CTEGB,1,1,0,1,2,2,0,0,2,0,0,0,1,1,0,1,1,2,1,0,1
SM-CTEGC,0,1,0,2,2,0,0,0,2,0,0,1,1,0,0,1,1,2,0,0,1
SM-CTEGD,0,0,1,2,1,2,0,0,2,0,0,0,2,0,0,0,1,1,1,0,1
SM-CTEGE,1,0,0,1,1,2,0,1,2,1,0,0,1,0,0,1,1,1,0,1,1
SM-CTEGF,1,1,2,2,2,2,0,0,2,0,2,1,0,0,0,1,2,2,1,0,1
SM-CTEGG,0,1,0,0,1,1,2,0,1,0,1,0,1,0,0,0,0,2,0,2,1
SM-CTEGH,1,0,0,1,1,0,1,0,2,0,1,1,0,0,0,1,0,1,1,0,1
SM-CTEGI,1,1,0,1,1,2,0,0,1,0,0,0,1,0,0,1,0,1,0,1,1
SM-CTEGJ,1,0,1,1,0,1,2,0,2,0,0,2,1,0,0,0,1,2,0,1,1
SM-CTEGK,0,2,1,2,1,2,1,0,2,0,1,0,0,0,0,1,0,1,1,0,1
SM-CTEGL,0,0,0,1,1,0,0,1,1,1,0,1,1,0,0,0,1,2,0,2,1
SM-CTEGM,1,0,0,1,1,2,0,0,2,0,0,1,2,0,0,1,1,2,0,0,1
SM-CTEGN,0,0,1,0,0,2,1,0,2,0,1,0,1,1,0,0,1,1,1,0,1
SM-CTEGO,0,1,2,0,0,2,1,0,2,0,0,1,1,1,0,1,2,0,1,1,1
SM-CTEGP,1,1,1,0,1,2,0,0,2,0,0,2,2,0,0,1,0,2,0,1,1
SM-CTEGQ,1,2,0,0,0,2,0,0,1,0,0,1,1,0,1,1,1,1,0,0,1
SM-CTEGR,1,0,0,0,2,2,0,0,1,0,1,2,2,0,0,2,0,2,0,0,1
SM-CTEGS,1,1,0,1,1,1,1,0,2,0,1,1,2,0,0,1,0,2,0,0,1
SM-CTEGT,2,2,0,2,1,0,0,1,2,1,0,0,2,1,0,1,1,2,1,0,1
SM-CTEGU,0,1,0,1,1,2,1,0,2,0,1,1,1,0,1,1,1,1,0,0,1
SM-CTEGV,0,1,1,0,1,2,0,0,2,0,0,0,1,1,1,1,2,2,1,0,2
SM-CTEGW,0,1,0,1,2,1,1,0,1,0,1,0,1,0,0,0,2,2,0,0,1
SM-CTEGX,0,0,0,1,0,2,0,0,2,0,0,1,1,0,0,0,0,1,0,0,1
SM-CTEGY,1,0,0,0,1,1,0,0,2,0,1,0,2,0,0,1,0,2,2,2,1
SM-CTEGZ,1,2,1,2,1,2,2,0,2,0,0,2,0,1,0,1,2,1,0,2,1
SM-CTEI5,2,1,0,1,0,2,0,0,1,0,0,1,2,0,1,1,0,2,0,0,1
SM-CTEI6,0,0,0,1,0,2,0,0,1,1,0,0,2,0,0,0,0,2,0,0,1
SM-CTEI7,1,1,1,1,1,1,0,0,2,0,0,1,1,0,0,1,0,0,0,0,1
SM-CTEI8,0,1,0,0,2,1,0,0,2,0,0,1,0,0,0,0,0,2,1,0,1
SM-CTEI9,0,1,0,1,1,0,0,0,2,0,0,1,1,0,0,0,2,1,0,0,1
SM-CTEIA,0,0,0,1,0,2,1,0,2,0,1,1,2,1,0,0,1,1,1,1,1
SM-CTEIB,1,1,0,0,0,1,0,0,2,1,0,0,2,0,1,1,1,2,0,0,1
SM-CTEIC,0,1,0,0,1,1,1,0,2,1,0,0,0,0,0,0,1,2,1,0,1
SM-CTEID,0,1,1,1,2,1,0,0,2,0,0,1,1,0,1,0,1,2,1,0,1
SM-CTEIE,1,2,1,1,0,1,0,0,2,0,0,2,1,0,0,1,1,1,1,0,1
SM-CTEIG,0,1,1,0,1,2,1,0,1,1,2,1,2,1,0,1,0,1,0,0,1
SM-CTEIH,0,2,1,1,0,1,0,0,1,1,0,0,2,0,1,0,1,2,0,0,1
SM-CTEIJ,0,1,0,0,1,1,1,0,2,0,0,1,1,1,0,1,2,1,2,0,1
SM-CTEIK,0,1,0,0,0,2,0,0,2,0,0,0,1,1,0,0,1,2,0,0,1
SM-CTEIL,0,0,1,1,1,1,0,0,2,0,0,1,2,0,1,1,1,2,2,0,1
SM-CTEIO,2,0,0,1,1,1,0,0,2,0,1,0,2,0,1,2,0,0,0,1,1
SM-CTEIP,1,2,2,1,0,2,0,0,2,0,1,1,2,0,0,1,2,1,0,0,1
SM-CTEIQ,1,1,1,1,1,2,1,0,2,0,0,1,2,0,0,1,1,1,0,0,1
SM-CTEIR,1,0,1,2,0,2,1,0,2,0,0,0,2,0,0,1,0,2,0,0,1
SM-CTELS,2,2,1,2,0,2,0,0,2,0,0,1,2,0,0,2,1,2,0,1,1
SM-CTELT,1,1,0,1,1,1,0,0,2,0,0,0,2,0,0,1,1,1,1,0,1
SM-CTELU,0,0,1,2,0,2,0,0,1,1,1,1,1,0,0,0,0,1,2,0,1
SM-CTELV,0,1,1,1,1,1,0,0,2,0,1,0,2,0,0,0,1,0,0,0,1
SM-CTELW,0,1,0,1,1,2,1,0,2,0,1,1,1,0,1,1,1,1,0,0,1
SM-CTELX,2,0,0,1,0,1,0,0,2,0,1,1,2,0,0,2,0,2,0,0,0
SM-CTELY,0,0,2,1,2,2,0,0,0,0,0,0,0,0,0,1,0,1,0,0,1
SM-CTELZ,1,1,1,2,0,2,2,1,2,0,1,1,2,0,0,1,1,1,1,0,1
SM-CTEM1,1,2,0,0,1,1,1,0,2,0,1,1,0,1,1,0,1,2,0,0,2
SM-CTEM2,1,1,0,1,0,2,0,0,2,0,0,1,1,0,0,1,0,1,1,0,1
SM-CTEM3,0,0,0,1,0,2,0,0,2,0,0,0,0,0,0,1,0,2,0,0,1
SM-CTEM4,0,1,0,1,1,1,0,0,2,0,0,1,1,2,0,0,2,1,0,0,1
SM-CTEM5,1,1,0,1,0,2,0,0,2,0,1,0,0,0,1,0,0,2,0,0,1
SM-CTEM6,1,1,0,0,1,0,0,0,2,0,1,1,2,1,1,1,1,2,1,0,1
SM-CTEM8,0,2,2,0,0,2,0,0,2,0,1,0,1,1,0,1,1,2,1,0,1
SM-CTEM9,0,0,0,1,1,2,0,0,2,0,0,0,2,0,0,1,1,2,2,0,1
SM-CTEMB,1,1,0,0,0,1,0,0,2,0,0,2,0,0,0,1,0,2,2,0,1
SM-CTEMC,2,1,0,0,0,2,1,0,2,0,1,0,2,1,1,1,0,1,1,0,1
SM-CTEMD,1,0,1,1,0,0,0,0,1,1,1,0,1,1,1,1,2,2,1,0,1
SM-CTEME,1,1,0,2,1,1,0,0,1,0,1,1,1,0,0,2,0,1,1,0,1
SM-CTEMF,0,1,1,1,0,1,1,0,1,1,1,0,2,1,0,1,0,1,2,0,1
SM-CTEMG,1,0,0,0,0,1,0,0,2,0,0,1,1,1,0,2,0,2,1,0,1
SM-CTEMH,0,1,0,1,0,2,0,0,2,0,0,1,2,1,0,1,1,2,0,1,2
SM-CTEMI,1,1,0,1,2,2,1,0,2,0,1,1,2,0,1,1,0,1,0,0,1
SM-CTEMJ,1,0,1,0,0,1,0,0,2,0,1,1,1,0,0,1,1,1,0,0,1
SM-CTEMK,0,1,1,1,1,2,1,0,2,0,1,1,1,0,0,0,0,1,0,0,1
SM-CTEML,1,1,0,0,0,2,0,0,2,0,0,2,1,0,0,1,0,2,0,0,1
SM-CTEMM,1,1,1,2,0,1,1,0,1,1,1,0,1,0,0,2,2,2,1,0,1
SM-CTEMN,0,0,0,0,1,1,0,0,2,0,0,0,1,0,0,1,1,1,1,1,1
SM-CTEMO,1,2,1,0,0,0,0,1,2,0,0,0,1,0,0,1,0,1,0,0,1
SM-CTEMP,0,1,0,1,0,2,1,1,2,0,0,1,0,0,0,0,1,2,1,0,1
SM-CTEMQ,2,1,1,1,0,1,1,0,1,1,1,0,1,0,0,2,0,1,1,2,1
SM-CTEMR,1,1,1,1,1,2,0,0,1,1,1,1,1,0,0,1,2,0,0,0,1
SM-CTEMS,0,2,0,2,0,1,2,0,2,0,1,1,0,0,0,1,0,2,1,0,1
SM-CTEMT,2,2,0,2,1,2,0,0,2,0,0,0,1,0,0,0,0,2,2,0,1
SM-CTEMU,1,1,2,1,2,2,1,1,2,0,1,1,2,1,0,1,1,1,0,0,1
SM-CTEMW,0,0,0,1,0,1,0,0,2,0,1,1,1,0,0,1,1,2,0,0,1
SM-CTEMX,0,0,0,1,0,2,1,0,1,0,1,0,2,0,0,1,0,2,1,0,1
SM-CTEMY,2,2,1,1,1,2,0,0,2,0,0,2,1,0,1,2,0,1,1,0,1
SM-CTEMZ,1,0,0,1,1,2,1,0,1,1,0,2,1,0,2,1,2,0,1,2,2
SM-CTEN1,1,1,1,2,1,2,0,0,1,0,0,0,2,0,0,1,1,2,0,1,1
SM-CTEN2,1,1,2,1,0,1,0,0,2,0,0,1,2,0,0,0,0,2,0,0,1
SM-CTEN3,2,1,0,1,0,1,0,0,2,0,2,0,2,0,1,2,0,1,1,0,1
SM-CTEN4,1,0,0,1,1,2,0,1,2,1,0,0,1,0,0,1,1,1,0,1,1
SM-CTEN5,1,1,0,1,0,2,0,0,1,0,1,1,1,0,0,1,2,2,0,1,1
SM-CTEN6,0,0,1,1,0,2,0,0,2,0,0,2,1,0,0,0,0,2,1,0,1
SM-CTEN7,1,0,0,1,0,1,1,0,2,0,2,1,1,0,0,1,1,2,1,0,1
SM-CTEN8,0,1,1,1,1,0,0,1,2,0,0,2,0,0,1,0,1,0,2,1,1
SM-CTEN9,0,0,0,1,1,1,0,1,2,0,0,1,1,1,0,1,0,1,1,0,1
SM-CTENA,0,0,1,1,0,2,0,0,1,2,0,0,2,0,0,0,1,2,0,0,1
SM-CTENC,0,2,0,1,1,1,1,0,2,0,0,0,2,0,1,1,0,2,0,1,1
SM-CTEND,1,2,0,2,1,2,0,0,1,0,0,0,2,2,0,0,1,2,0,1,1
SM-CTENE,1,1,0,2,1,1,0,0,2,0,1,0,2,1,0,0,1,2,0,2,1
SM-CTENF,1,0,1,1,0,2,0,1,2,0,1,1,2,0,0,1,1,2,0,1,1
SM-CTENG,1,2,0,1,0,1,0,0,2,0,1,2,1,0,0,1,0,1,0,1,1
SM-CTENH,1,0,0,0,0,2,0,0,1,0,0,0,0,0,1,0,0,1,1,0,1
