rs4575098,rs1377416,rs4766676,rs12595082,rs4985556,rs61481506,rs10194375,rs6733839,rs4715019,rs1859788,rs12703524,rs73223431,rs34674752
1000,1,1,0,0,0,0,1,1,0,0,0,0,0
1005,1,1,2,0,2,0,1,1,1,2,1,2,0
1010,0,1,2,1,0,0,0,2,1,2,1,0,0
1015,0,0,2,1,0,0,0,2,1,1,0,2,0
1019,1,0,1,0,1,0,1,2,0,2,1,2,0
1027,0,2,1,0,0,0,1,1,0,2,1,1,0
1029,0,0,0,1,1,0,0,0,1,1,0,1,0
1034,1,1,1,1,0,0,1,2,0,2,1,0,0
1036,0,0,1,0,1,0,0,0,1,1,1,1,1
1045,0,1,1,0,0,0,0,0,0,2,1,1,0
1046,1,1,0,0,0,0,1,2,1,1,0,2,0
1047,1,2,2,0,0,0,1,1,0,2,1,2,0
1052,1,0,1,1,0,0,1,1,0,2,0,0,0
1058,2,0,1,0,0,0,1,0,1,2,0,1,0
1059,1,0,1,0,1,1,0,0,2,2,1,1,0
1078,0,1,1,1,0,1,1,2,0,2,2,1,0
1085,1,2,0,0,0,1,2,2,1,0,2,1,0
1089,1,1,2,0,1,1,1,1,0,1,1,1,0
1098,1,1,1,0,0,0,0,1,0,2,1,1,0
1103,1,2,2,0,1,0,1,1,0,1,1,2,1
1104,0,0,2,1,0,0,0,0,1,2,0,1,0
1105,1,1,1,0,1,0,1,0,0,1,1,1,0
1114,1,1,2,1,0,0,1,1,0,1,2,0,0
1119,0,0,2,0,0,0,1,1,2,2,1,0,0
1121,0,2,2,0,0,1,0,1,1,1,0,1,0
1123,0,0,2,1,0,0,1,0,0,2,1,0,0
11241,0,0,2,1,0,0,0,0,1,2,1,1,0
11249,0,1,0,0,0,0,0,0,2,2,0,0,0
11253,1,1,2,1,1,0,2,2,0,2,0,0,0
11254,0,1,1,1,0,0,0,0,1,1,1,1,1
11255,0,1,1,1,0,0,0,0,1,2,1,0,0
11258,0,0,1,0,0,0,1,1,1,1,0,2,0
11259,0,1,1,0,0,0,1,1,1,1,1,1,0
11263,0,1,1,1,1,0,2,2,1,2,1,1,0
11264,0,1,1,0,0,0,2,2,0,2,0,2,0
11265,0,1,0,1,0,0,2,1,2,2,1,1,0
11266,1,1,2,1,1,0,2,2,0,0,1,2,0
11267,0,1,2,0,1,0,0,0,0,2,2,0,0
11271,0,1,1,1,0,0,1,1,1,2,2,2,0
11275,1,1,1,1,0,0,0,0,1,2,1,1,0
11276,1,2,1,0,0,1,2,2,1,2,0,2,1
11279,1,0,1,0,1,0,1,1,1,0,1,1,1
11281,1,1,2,0,0,1,0,0,1,2,2,0,0
11285,0,0,1,0,0,0,1,1,0,1,1,1,0
11287,0,2,2,0,0,0,1,2,1,1,1,1,0
11288,2,0,1,0,0,1,1,0,1,1,0,2,0
1129,1,1,1,0,0,1,0,0,2,1,0,1,0
11290,1,0,2,0,0,0,1,1,0,1,2,0,0
11291,0,0,2,0,0,0,1,1,1,0,0,1,0
11292,1,0,1,0,1,2,2,1,0,2,1,1,0
11293,0,2,0,1,0,1,1,1,0,1,0,1,1
11294,0,0,1,1,0,0,0,0,1,0,2,1,0
11295,0,1,2,0,0,1,1,1,0,2,1,1,0
11298,0,1,2,0,1,0,1,1,0,1,2,0,0
11300,1,0,0,0,1,1,1,0,1,1,1,1,0
11303,1,0,2,0,0,0,0,0,0,1,0,2,0
11305,0,1,2,0,0,0,0,0,1,1,1,0,0
11306,0,0,1,0,0,0,0,1,1,2,0,0,0
11307,1,1,1,1,0,0,0,0,1,2,1,1,0
11309,1,0,1,0,0,0,1,1,0,0,2,0,0
11312,0,1,1,1,0,0,0,0,0,0,2,0,0
11313,1,1,1,0,0,0,1,0,2,1,2,0,0
11314,0,0,1,0,0,0,0,0,1,0,1,1,0
11316,0,2,1,0,1,0,1,1,2,2,1,2,0
11317,1,1,2,2,0,0,1,2,0,1,2,0,0
11319,0,1,1,0,0,0,1,1,0,1,2,1,0
11320,0,1,1,1,0,0,1,1,0,2,0,0,0
11321,0,0,1,1,1,0,2,2,1,2,1,1,0
11322,0,2,2,0,0,1,0,0,0,1,0,1,0
11323,0,1,0,1,0,1,1,1,1,1,2,0,0
11325,0,1,1,1,0,0,1,1,1,2,2,1,0
11326,0,0,0,2,1,0,0,0,0,2,2,1,0
11327,0,1,1,1,0,0,0,0,1,0,0,1,0
11328,0,0,1,0,0,0,1,1,1,2,0,1,0
11329,1,2,2,0,0,0,1,1,1,1,2,0,0
11330,0,0,1,0,0,0,0,0,0,2,1,1,0
11331,1,1,1,0,0,0,0,1,1,1,1,1,0
11332,1,0,1,0,0,0,1,1,0,2,2,0,0
11333,1,1,1,1,0,0,2,1,0,1,1,0,0
11334,0,0,1,1,0,1,0,0,0,2,0,0,0
11337,2,1,1,0,0,0,0,0,0,2,1,0,0
11338,2,1,1,0,0,1,0,0,0,1,0,0,0
11340,0,0,0,0,0,0,0,1,0,2,1,0,0
11341,0,1,1,1,0,1,0,0,1,1,1,1,0
11342,0,0,2,0,0,0,1,2,1,1,1,2,0
11344,0,0,2,2,2,0,1,1,1,2,1,1,0
11345,0,0,2,0,0,0,0,0,0,2,1,0,0
11346,1,1,1,0,1,0,0,0,1,1,1,0,0
11349,1,0,1,0,1,1,0,0,1,2,1,0,0
11353,1,2,0,1,0,0,1,1,1,2,2,2,0
11355,0,0,1,0,2,0,0,0,0,1,0,1,1
11357,1,2,1,0,0,0,0,1,0,1,0,1,0
11358,0,0,1,1,1,0,1,1,1,1,1,1,0
1137,1,1,1,0,0,0,0,0,0,2,1,1,0
11370,1,2,2,0,0,0,0,0,1,1,2,1,0
11371,0,0,2,1,0,0,1,0,1,2,1,1,0
11372,0,0,0,0,0,0,0,0,0,2,0,0,0
11374,1,1,2,1,1,1,0,1,0,1,1,0,0
11377,0,2,1,0,1,0,1,1,0,2,1,1,0
11381,1,1,1,1,1,0,1,1,1,1,1,2,0
11383,1,0,1,0,0,0,1,1,0,2,1,1,0
11385,1,1,2,1,0,1,0,0,1,1,0,1,0
11389,1,2,1,0,0,0,0,0,0,1,1,1,0
11391,0,0,2,0,0,1,2,1,0,2,1,0,0
11393,0,0,2,0,0,0,1,1,0,2,0,0,0
11394,1,1,1,1,0,0,2,1,0,1,2,1,0
11395,1,1,1,0,0,0,1,1,0,2,1,1,0
11396,1,1,1,0,0,0,0,0,0,1,1,1,0
11397,1,0,0,0,1,1,0,0,1,2,0,1,0
11398,1,1,2,0,1,0,0,1,0,1,1,1,0
11399,0,1,1,0,2,1,0,0,2,0,0,1,0
11400,0,0,2,1,0,1,0,0,1,1,1,1,0
11402,0,2,1,0,0,0,0,0,0,2,2,0,0
11403,0,0,0,0,0,0,0,0,0,1,1,1,0
11404,0,0,1,0,0,0,0,1,1,1,2,1,0
11408,1,0,2,0,0,0,0,2,1,2,2,1,0
11410,0,0,2,1,0,1,1,1,0,1,0,1,0
11412,0,2,1,0,0,0,1,1,0,2,1,0,1
11417,1,0,1,0,1,0,0,0,1,2,0,1,1
11422,0,1,1,1,0,0,0,0,1,2,1,0,1
11423,0,0,1,0,1,1,0,0,1,1,2,1,0
11424,1,1,2,0,0,0,1,1,1,0,2,0,0
11425,0,0,2,1,0,0,0,1,1,2,1,0,0
11426,1,2,2,1,0,0,1,1,0,1,0,0,0
11427,1,0,2,0,0,0,0,0,0,1,1,1,1
11428,1,0,1,1,1,0,2,2,0,1,0,1,0
11429,1,0,1,1,0,0,0,1,0,2,0,0,0
11430,0,2,2,0,0,0,0,1,0,2,2,0,0
11431,0,2,1,2,0,0,0,0,0,2,2,2,0
11432,1,2,2,0,0,0,1,1,0,2,0,0,0
11433,0,0,2,0,0,1,1,0,0,1,2,2,0
11440,0,2,0,0,0,0,1,2,0,1,0,1,0
11443,0,0,0,0,0,0,1,0,0,1,2,1,0
11445,1,1,1,0,0,0,0,1,0,2,1,2,0
11447,1,1,0,0,1,0,1,1,0,1,1,0,0
11448,1,1,2,0,0,2,0,1,0,1,0,1,0
11449,0,1,1,1,0,1,1,1,1,1,1,1,0
11452,0,0,1,0,0,0,1,1,0,0,2,0,0
11456,0,1,1,0,2,0,0,1,0,2,1,2,0
11457,0,0,1,1,0,0,1,1,0,2,0,1,0
11458,1,2,0,1,0,1,1,0,0,2,1,0,0
1146,0,0,1,1,0,0,0,1,2,2,1,1,0
11460,0,0,1,0,0,0,0,0,0,2,1,0,0
11463,0,0,2,1,0,0,1,2,0,2,1,0,0
11464,0,0,1,0,0,1,2,2,0,2,1,0,0
11465,0,1,0,1,0,0,0,0,0,1,0,1,0
11468,1,1,1,0,0,0,2,2,0,1,0,1,0
11469,1,1,0,1,0,0,0,0,0,1,1,0,0
11470,1,1,2,1,1,1,0,0,1,1,2,0,0
11471,1,0,2,1,0,0,0,0,1,1,1,1,0
11472,0,0,2,0,0,0,0,0,0,1,2,0,0
11474,1,2,2,0,0,0,0,0,1,2,2,1,0
11475,0,0,1,1,0,1,0,2,0,2,0,0,0
11476,0,1,0,0,1,0,1,2,1,1,1,2,0
11480,1,2,1,1,1,0,0,0,0,2,1,0,0
11481,0,0,2,0,0,1,0,0,0,2,0,0,0
11482,0,0,1,1,0,0,0,0,0,1,1,0,0
11483,1,0,2,0,0,0,0,0,0,1,2,0,0
11485,1,0,2,0,0,0,1,1,1,2,1,0,0
11486,0,0,1,2,0,1,0,0,1,1,1,0,0
11489,0,1,0,0,0,0,0,0,1,2,1,1,0
11491,0,0,2,1,0,0,2,2,0,0,1,0,0
11492,0,0,1,0,1,0,1,2,1,1,1,1,0
11493,0,1,0,0,0,0,1,1,0,1,0,1,0
11494,0,1,1,2,0,1,1,1,2,0,1,0,0
11495,1,0,1,0,0,0,0,1,0,1,1,2,0
11497,1,0,0,1,1,1,1,1,0,2,1,1,0
11498,0,1,2,1,1,0,1,1,0,2,2,2,0
11499,0,0,1,0,0,0,1,0,1,2,0,0,0
11500,0,2,0,1,0,0,0,0,0,0,1,0,1
11502,1,0,1,0,0,0,2,2,0,2,0,0,0
11505,1,2,2,0,0,0,0,0,0,2,1,0,0
11506,0,0,1,1,1,1,0,0,0,2,1,1,0
11507,1,1,1,0,0,0,0,1,0,2,0,1,0
1159,1,1,1,1,0,0,2,2,1,1,2,0,0
1166,0,1,1,2,0,0,0,0,1,1,2,1,0
1172,0,0,1,0,0,2,1,0,0,1,1,1,0
1183,0,0,1,0,0,1,1,1,0,2,1,0,0
1195,1,2,0,0,0,0,0,0,1,0,1,1,0
1200,0,1,0,0,0,0,1,2,1,2,1,0,0
1214,0,0,1,0,0,1,0,1,0,2,1,1,0
12306,0,1,1,1,0,0,0,1,1,1,1,1,1
12308,1,0,1,0,0,1,1,1,0,2,0,1,0
1239,0,0,2,0,1,0,0,0,0,1,0,1,1
1258,0,0,2,2,0,0,2,2,0,1,1,1,0
1271,1,2,2,1,0,0,2,1,1,1,1,1,0
1275,0,1,2,0,0,0,1,1,2,1,1,1,1
1282,0,1,0,0,0,1,1,2,2,2,1,2,0
129,1,1,2,1,0,0,1,0,0,2,1,1,0
1302,0,1,0,0,1,0,0,0,0,1,2,1,0
134,1,0,0,0,0,0,1,0,1,2,1,2,0
135,0,0,2,0,0,0,1,1,1,1,2,0,0
141,1,1,0,0,0,0,0,0,0,2,1,0,0
142,1,2,1,1,0,0,0,1,1,1,0,1,0
14543,0,0,1,0,0,0,1,0,0,2,1,0,0
14546,1,2,1,1,1,0,0,1,1,0,1,0,0
14547,0,0,2,1,1,0,0,1,0,2,0,0,0
14548,0,2,2,1,0,0,0,0,1,1,1,0,0
14549,0,0,2,1,0,1,2,2,0,1,1,0,1
14550,0,1,2,1,0,0,0,1,0,2,0,1,1
14551,0,2,1,0,0,0,0,1,0,2,0,0,0
14552,0,1,1,0,0,1,0,0,2,2,2,1,0
14553,0,0,2,0,1,0,0,0,0,2,1,1,1
14555,1,1,0,0,0,1,1,1,1,2,2,1,0
14556,1,0,1,0,0,0,0,0,0,1,1,2,1
14557,0,2,1,1,1,0,1,1,1,2,0,1,0
14558,0,1,2,0,0,1,1,0,0,1,1,0,0
14560,0,1,2,1,0,0,0,0,0,1,0,0,0
14562,1,1,1,1,0,0,0,1,0,0,1,0,0
149,1,2,1,1,0,2,1,1,0,0,1,1,0
18198,1,1,1,0,0,0,0,0,1,2,0,2,0
18199,0,1,0,2,1,0,1,0,1,2,0,0,0
18200,0,2,2,0,0,0,1,1,0,1,0,2,0
18201,0,0,1,0,1,0,1,1,0,2,0,0,0
18202,0,0,2,1,0,0,1,1,1,1,2,1,1
18203,0,2,1,0,0,1,0,0,1,1,2,1,0
18204,0,1,1,0,0,1,0,1,0,2,1,1,0
18206,2,1,1,0,0,0,1,1,0,2,0,1,0
18209,1,0,1,0,0,0,0,0,1,0,1,1,0
18210,2,1,0,0,0,0,1,1,0,0,0,1,0
18211,0,1,2,1,0,0,0,0,1,1,0,1,0
18212,1,1,2,0,1,0,1,1,0,1,2,2,0
18213,1,0,1,0,0,0,1,1,0,1,0,1,0
18214,1,1,1,0,0,0,1,1,1,2,1,1,0
18216,0,1,2,0,0,1,1,1,1,1,0,0,1
18217,0,1,1,0,1,1,1,1,0,1,1,1,1
18218,0,0,1,1,1,0,0,0,1,1,0,0,0
18219,0,0,2,0,0,0,0,0,0,1,1,1,0
18220,1,0,2,0,0,0,0,1,1,2,0,0,0
18221,1,1,1,0,0,0,0,0,0,2,0,1,0
18222,1,0,1,0,1,0,2,2,0,2,2,0,0
18223,0,1,0,0,0,0,2,2,0,1,0,1,1
18224,1,1,1,0,0,1,0,0,0,1,1,2,0
18225,1,1,1,1,1,0,0,0,0,2,2,1,0
18226,0,0,2,1,1,0,1,1,1,2,2,0,0
18228,0,1,1,1,0,0,0,0,0,1,1,2,1
18229,1,2,2,0,0,0,1,0,1,2,1,0,0
18230,1,1,2,0,0,1,1,1,1,2,0,0,0
18231,1,1,1,1,0,0,0,0,2,0,0,1,0
18232,1,1,1,0,1,0,1,1,1,1,1,0,0
18233,1,2,2,1,0,1,1,0,0,0,1,0,0
18234,0,0,1,0,0,1,0,1,0,2,1,1,0
18235,1,1,0,1,1,1,1,1,0,1,2,0,0
18236,0,1,1,2,0,0,0,0,0,2,1,1,0
18237,0,2,0,0,1,0,0,0,0,1,2,0,0
18238,1,1,1,1,0,0,0,0,0,2,1,2,0
18239,1,0,1,0,1,0,1,0,0,1,0,0,0
1919,1,1,1,2,0,0,1,1,1,0,1,0,0
1923,1,0,2,1,0,0,1,0,1,2,2,2,0
1924,1,1,2,0,0,0,1,1,0,1,2,0,0
1925,1,1,2,1,1,1,1,1,2,2,0,0,0
1926,0,1,1,0,1,1,2,2,0,1,1,1,0
1929,0,1,2,0,0,0,0,1,1,2,0,0,0
1931,1,0,2,0,0,0,0,1,0,1,1,2,0
1932,1,1,0,0,1,0,1,1,0,2,0,0,0
1933,0,1,1,0,0,0,1,1,1,0,1,2,0
1934,0,1,1,0,0,0,1,2,0,2,0,1,0
1935,1,2,1,0,0,0,2,2,0,2,1,0,0
1936,0,0,1,1,0,0,0,1,1,2,1,0,2
1937,0,1,1,1,0,1,0,0,0,2,1,1,0
1938,0,1,1,1,0,0,1,1,1,2,2,1,0
1940,2,0,1,1,0,0,0,0,1,1,0,1,0
1941,0,2,2,0,0,0,0,0,0,2,2,1,0
1942,1,0,2,1,0,0,1,1,1,1,0,1,0
1943,1,2,1,0,1,1,1,0,0,1,2,0,0
1944,0,1,2,0,0,0,1,0,0,2,1,1,0
1945,0,1,2,0,0,1,2,1,0,2,0,1,0
1947,0,0,2,0,0,0,0,0,1,2,0,1,0
1948,1,1,1,0,1,0,0,0,1,1,0,1,0
1950,0,1,2,0,0,0,1,1,0,2,0,0,0
1951,0,1,2,1,0,0,2,2,0,1,0,1,0
1952,1,0,1,0,0,0,0,0,0,1,2,1,0
1953,1,1,2,1,0,0,1,1,0,2,0,1,0
1954,1,0,1,0,0,0,1,0,0,2,0,0,0
1955,0,1,2,0,0,1,1,0,0,2,1,0,0
1956,0,0,2,0,0,1,1,2,1,1,2,1,0
1957,1,1,2,0,0,0,1,1,2,2,0,2,0
1958,1,0,2,0,1,1,0,0,1,2,1,0,0
1959,1,0,1,1,0,0,0,0,0,1,2,0,0
1960,0,2,2,0,0,0,1,1,1,1,2,1,0
1963,1,1,0,1,0,0,0,0,1,1,1,1,0
1964,0,2,1,0,1,0,0,0,0,1,0,0,0
2210,1,1,0,0,0,1,0,1,0,2,1,1,0
2517,0,1,0,0,0,0,1,1,1,2,1,1,0
6810,0,1,1,0,0,0,0,0,1,1,2,0,0
6819,1,1,2,0,0,0,1,1,1,1,2,0,0
6821,0,0,1,1,0,0,2,2,0,1,0,1,0
68411,0,1,1,0,0,0,1,1,0,2,1,0,0
68416,0,0,2,0,0,1,1,0,0,2,2,0,1
68419,0,1,2,0,0,0,0,0,0,1,0,1,0
68420,0,0,2,0,0,0,0,0,0,0,0,0,0
68422,0,0,2,0,0,2,0,1,0,2,2,1,0
68423,1,1,2,0,0,0,0,0,2,0,1,1,0
68424,0,0,2,1,0,1,1,1,0,1,0,0,1
68425,0,1,0,0,0,0,1,1,0,1,1,1,0
68427,1,2,2,0,0,1,1,0,1,1,0,0,0
68428,0,0,0,0,1,0,2,1,1,1,0,0,0
68430,1,0,1,0,0,0,1,0,1,1,0,0,0
68431,2,0,2,0,0,0,0,0,0,1,0,0,0
68433,0,0,2,0,0,0,0,1,0,1,1,1,0
68434,1,2,0,1,0,0,0,2,1,1,1,1,0
68435,0,0,2,0,0,0,1,2,0,2,1,1,0
68454,1,0,0,0,0,0,1,0,2,2,1,0,0
68455,1,0,1,0,0,0,0,1,1,1,1,1,0
68515,1,0,1,0,1,1,1,1,2,2,1,0,0
68522,1,0,0,0,0,0,1,1,0,2,1,1,0
68586,0,1,0,0,0,1,0,0,1,1,2,1,0
68622,1,1,1,0,0,0,1,1,1,2,0,1,1
68624,1,1,0,0,0,0,1,2,1,0,1,1,1
6863,1,1,0,0,0,0,0,0,1,1,1,2,0
68637,2,1,1,0,0,0,1,0,1,2,0,0,0
68658,0,0,2,0,0,0,0,1,0,0,1,1,0
68682,1,1,1,0,0,0,0,0,0,1,1,0,0
6870,0,2,2,0,0,0,1,1,0,1,2,2,0
6872,1,0,1,0,0,0,1,0,0,1,1,1,0
6880,1,1,2,0,1,1,0,0,0,0,2,0,0
6894,1,1,2,1,0,1,1,1,0,2,1,1,0
6913,0,0,1,0,0,0,0,0,0,2,1,2,0
6914,2,1,1,0,0,0,1,1,1,2,1,1,0
6915,0,1,1,0,0,0,1,0,1,1,0,2,0
6925,0,2,2,0,0,0,1,1,1,2,1,2,0
6929,1,1,1,0,0,1,1,1,0,1,1,0,0
6952,1,0,0,0,1,0,2,2,0,2,1,1,0
6976,0,0,0,0,0,1,0,1,1,0,1,1,1
7000,0,2,2,0,0,0,1,1,1,2,0,1,0
7015,0,0,2,1,0,0,1,1,1,1,2,0,0
7016,0,0,2,0,0,0,0,0,0,2,1,1,0
70460,0,2,1,0,0,0,0,0,1,1,2,1,0
70475,0,0,2,0,0,0,0,0,1,1,2,0,0
70485,1,1,1,2,0,0,1,2,1,2,1,2,0
70490,2,0,1,0,0,0,2,1,1,1,1,0,0
70524,2,2,2,0,0,1,0,2,0,2,1,1,0
70539,0,0,2,0,0,0,2,1,0,1,1,2,0
70546,1,1,1,0,1,0,1,1,0,1,1,2,0
70568,0,0,2,1,0,0,0,1,1,1,2,1,0
70579,0,0,2,0,0,1,1,0,1,0,1,0,0
70594,0,1,2,0,0,0,0,0,0,1,1,1,0
70609,1,0,1,1,0,0,1,1,1,0,2,2,0
70614,1,0,1,0,0,0,1,1,1,1,2,0,0
70635,0,1,2,1,0,0,0,1,0,0,1,1,0
70640,0,0,2,0,0,0,1,2,0,2,0,1,0
70659,0,0,2,0,0,0,1,0,1,2,1,0,0
70665,0,1,2,0,0,1,1,1,1,2,1,0,0
70672,1,0,1,1,0,0,0,0,0,2,0,1,0
70688,1,1,1,1,1,0,2,2,1,2,1,1,0
70696,0,0,2,0,0,0,0,0,1,1,1,0,0
7095,0,2,1,0,0,0,1,1,1,1,0,1,0
7098,1,1,1,0,1,0,1,2,1,2,1,2,0
7099,0,2,1,0,0,1,1,1,1,1,1,2,0
716,1,0,0,1,0,1,1,1,2,1,0,1,0
71673,0,0,0,1,0,0,1,2,1,1,1,0,0
71674,1,1,2,0,1,2,0,2,1,1,1,1,0
71675,2,1,0,0,0,1,2,2,1,2,1,1,0
71677,0,1,0,0,1,1,0,1,0,1,1,0,0
71679,1,0,1,0,0,0,1,1,1,1,1,1,0
71684,1,1,2,0,1,0,1,1,1,2,0,1,0
71685,2,0,1,2,0,0,1,2,0,1,1,1,0
71686,1,0,1,0,1,0,1,2,0,1,0,0,0
71687,0,1,2,0,0,1,0,1,1,1,1,0,0
71688,2,0,1,1,0,0,1,1,0,1,1,0,0
71689,0,2,2,0,1,0,0,0,0,2,1,2,0
71690,0,0,0,2,0,0,1,1,0,1,1,0,0
71691,2,1,2,1,0,0,2,1,0,0,0,0,0
71692,1,1,1,0,1,0,2,1,0,2,0,1,0
71693,0,0,2,1,0,0,1,1,0,2,1,1,0
71694,2,1,1,0,0,0,0,0,2,1,1,0,0
71695,0,1,1,0,0,0,2,2,0,2,1,1,0
71697,0,1,2,0,0,0,2,1,0,2,0,1,0
71698,0,0,1,0,0,1,1,1,0,2,1,1,0
71699,1,0,1,0,0,0,1,0,1,2,1,0,0
71700,1,1,0,0,0,1,2,0,0,2,0,0,0
71701,1,0,1,0,0,0,1,1,0,2,1,1,0
71702,0,0,2,0,0,0,0,0,0,2,2,2,0
71703,0,1,2,0,0,0,1,2,0,1,0,1,0
71704,0,1,1,0,0,0,1,1,1,0,0,0,0
71705,1,1,1,0,0,0,0,1,0,1,1,1,1
71706,0,1,0,1,0,0,0,0,0,2,1,2,0
71708,0,0,1,1,0,0,1,1,0,2,0,1,0
71709,0,0,2,0,0,0,1,1,1,2,1,2,1
71710,1,2,1,1,0,0,1,1,2,1,1,0,0
71711,0,0,2,2,0,0,1,1,1,1,1,0,1
71712,0,2,1,1,0,0,2,2,1,1,0,1,0
71713,0,0,0,1,0,0,0,1,0,2,1,1,0
71714,0,1,2,1,0,0,0,1,2,2,1,1,0
71715,1,1,1,0,0,0,2,2,0,1,1,0,0
71716,1,1,1,0,0,0,1,1,0,2,2,0,0
71717,0,0,2,0,0,0,0,1,1,0,0,0,0
71718,0,0,2,0,0,0,0,0,1,2,0,1,0
71719,1,1,1,0,0,0,0,0,1,2,1,0,0
71720,0,0,0,0,1,2,1,1,0,2,2,1,0
71721,1,0,1,0,0,1,1,1,0,2,0,0,0
71722,1,1,2,1,0,1,0,0,1,1,1,1,0
71723,0,1,0,1,0,0,1,1,0,2,1,1,0
71724,1,0,1,1,0,0,0,0,0,0,1,1,0
71725,1,1,2,0,0,1,1,1,1,1,0,1,0
71726,0,0,1,0,1,0,0,1,0,2,0,1,0
71727,1,0,2,1,0,0,0,0,1,2,0,1,0
71728,1,1,2,0,0,0,1,1,0,1,1,2,0
71729,0,0,2,1,0,1,0,0,0,2,0,1,0
71730,1,1,1,1,1,0,1,1,0,1,0,2,1
71731,0,1,1,0,0,0,0,0,1,2,1,0,1
71732,1,1,1,1,0,1,0,1,1,1,1,0,0
71733,0,2,1,0,0,0,1,1,0,1,1,1,0
71734,0,0,2,0,1,1,0,0,0,1,1,1,0
71735,0,2,1,0,0,1,1,1,1,1,0,0,0
71736,0,0,2,1,0,0,0,0,0,2,0,0,0
71737,0,1,1,0,0,0,1,0,1,2,2,0,0
71738,0,1,1,0,0,0,0,0,1,2,1,0,1
71739,0,1,1,0,0,0,0,0,1,2,2,0,0
71740,0,1,1,1,0,0,1,1,0,1,0,1,0
71741,0,1,2,0,0,0,2,1,0,2,1,1,0
71742,0,1,1,0,0,1,0,1,1,2,0,0,0
71745,0,2,1,0,1,0,0,1,2,1,2,2,0
71746,1,1,0,0,0,0,0,1,1,0,1,0,0
71747,0,2,2,0,0,1,0,0,2,2,2,0,0
71748,0,2,2,1,1,0,1,0,0,1,2,0,0
71749,0,1,1,1,0,1,0,0,0,2,1,1,0
71750,1,0,0,0,1,0,0,2,1,2,0,2,0
71751,0,0,0,2,1,0,2,2,1,2,2,1,0
71752,0,0,0,0,0,0,2,2,0,1,1,1,0
71753,0,0,2,0,0,0,0,0,0,2,1,0,0
71754,0,2,1,0,0,0,1,0,0,2,2,1,0
71755,1,2,1,0,0,0,1,1,0,0,2,0,0
71756,0,2,1,0,1,0,0,0,1,2,2,1,0
71757,0,1,1,0,0,0,0,0,0,1,2,2,0
71758,0,1,1,1,0,0,1,1,0,1,1,1,0
71759,0,1,2,0,0,0,1,1,1,2,1,2,0
71760,0,1,2,0,0,0,2,2,1,1,0,0,0
71761,1,1,0,0,0,0,0,0,1,2,2,1,1
71762,1,2,1,0,0,0,1,1,0,2,1,0,0
71763,0,1,1,0,0,1,1,1,2,2,1,0,0
71764,0,2,0,0,0,0,1,0,0,2,1,2,0
71765,0,1,2,1,0,0,0,1,0,1,2,0,0
71766,1,2,2,0,0,0,1,1,1,2,0,1,0
71767,0,2,1,1,0,0,0,0,0,0,1,0,0
71768,0,1,1,0,0,1,1,1,0,2,1,0,0
71769,1,2,1,1,0,0,1,2,0,0,2,0,0
71770,0,2,1,0,0,0,0,0,0,1,0,1,0
71771,1,1,1,0,0,0,1,0,0,2,2,0,0
71772,1,0,1,0,0,0,1,0,0,2,1,0,1
71773,1,0,1,1,0,0,0,1,1,1,2,0,0
71774,1,0,0,0,0,1,1,0,1,1,0,0,0
71775,1,1,1,1,0,1,1,0,0,2,1,1,0
71776,0,1,0,0,2,0,0,0,0,1,0,0,0
71777,0,1,1,0,0,0,2,1,2,2,2,0,0
71778,1,1,1,1,0,1,1,2,0,0,1,0,0
71779,0,0,1,1,1,0,0,0,1,2,2,0,0
71780,0,0,1,0,0,0,1,1,1,1,1,1,0
71781,0,0,1,0,0,0,0,0,0,1,2,0,0
71782,2,0,2,0,0,0,1,2,1,0,0,0,0
71783,1,0,2,1,0,0,1,1,0,1,1,0,0
71784,0,0,1,0,0,0,2,2,1,2,1,2,0
71785,0,1,2,0,0,1,1,2,0,2,0,1,0
71786,1,1,1,0,1,0,1,1,0,2,1,0,0
71787,1,0,2,0,0,0,0,0,1,1,2,0,0
71789,0,0,1,0,0,1,0,0,0,1,1,0,0
71790,0,0,2,1,0,0,0,0,0,2,1,1,0
71791,0,1,2,0,0,1,1,2,1,2,2,0,0
71792,0,1,0,0,0,0,0,1,1,2,2,0,1
71793,0,0,1,0,1,0,0,0,1,2,0,0,0
71794,0,1,1,0,0,0,0,0,0,2,2,1,0
71795,1,0,2,2,0,0,1,1,0,2,1,0,0
71796,0,1,2,0,0,0,0,0,0,2,2,0,0
71797,0,1,2,0,0,0,1,2,2,2,2,0,0
71798,0,2,2,0,1,0,0,0,2,1,2,0,0
71799,0,1,1,0,0,0,0,0,0,2,0,1,0
71800,1,1,0,0,0,0,1,1,1,0,1,1,0
71801,0,0,0,0,0,1,0,0,1,1,1,1,0
71802,1,0,1,0,1,0,1,1,2,2,0,1,0
71803,0,1,2,0,1,0,1,1,0,2,2,1,0
71804,0,1,1,0,0,0,0,1,0,1,0,1,0
71805,0,1,2,0,0,0,1,1,0,2,1,1,0
71806,0,2,2,1,1,0,1,1,1,2,1,0,1
71807,1,2,2,1,0,1,0,1,1,0,1,1,0
71808,2,0,1,1,0,0,2,2,0,2,2,0,0
71809,0,0,1,0,0,0,1,0,0,1,1,1,0
71810,0,2,1,0,0,0,0,1,1,2,1,0,0
71811,0,0,2,1,1,0,0,1,0,1,2,1,0
71812,0,0,2,0,0,0,1,1,0,2,1,1,0
71813,1,1,0,0,0,0,1,2,1,0,1,1,1
71814,0,1,1,0,0,0,0,1,1,1,1,2,0
71815,0,1,0,0,1,0,1,1,0,0,0,0,0
71816,1,1,1,0,0,0,1,0,0,2,2,1,0
71817,1,1,1,0,1,0,0,0,0,2,1,1,0
71818,0,2,2,0,0,0,1,1,0,1,0,0,0
71819,1,0,1,1,0,1,1,1,0,2,0,0,0
71823,0,1,1,0,1,0,1,1,0,1,0,1,1
71824,1,0,0,0,0,0,0,0,1,1,1,0,1
71825,0,1,2,0,0,1,0,0,1,2,2,1,1
71826,0,2,1,1,1,0,0,0,0,2,0,0,0
71827,1,2,1,0,0,0,0,1,0,1,2,1,0
71828,0,0,2,1,0,0,0,1,1,2,1,1,0
71829,0,0,2,0,0,1,1,1,0,2,0,2,0
71830,0,1,1,1,0,0,2,2,0,1,1,0,0
71831,0,0,1,0,0,0,1,1,0,2,0,0,0
71832,0,1,0,1,0,0,1,1,1,2,2,0,0
71833,1,1,2,1,0,0,0,0,0,1,0,2,0
71834,1,1,1,1,0,0,1,1,0,1,0,2,0
71835,1,1,1,1,1,0,1,1,0,2,1,0,0
71836,1,1,1,0,1,0,1,0,0,2,0,0,0
71837,0,0,2,1,0,0,1,1,1,1,1,1,0
71838,0,2,0,0,0,0,0,0,1,1,1,0,0
71839,0,1,1,0,1,0,2,1,0,2,1,1,0
71841,0,0,2,0,0,0,1,1,1,1,1,2,1
71842,0,0,1,0,0,0,0,0,0,2,1,2,0
71843,1,0,1,1,0,0,0,0,1,1,1,1,0
71844,1,1,0,1,0,0,2,2,0,1,1,1,0
71845,0,1,2,0,0,0,1,1,0,2,0,1,0
71846,0,0,2,0,0,0,1,2,0,2,1,1,0
71847,0,1,2,0,0,1,1,1,0,1,0,1,0
71848,0,1,2,1,0,0,0,0,0,2,1,1,0
71849,1,1,1,0,0,1,1,0,0,2,2,0,0
71850,1,0,1,1,0,0,2,1,0,1,1,1,0
71851,0,2,1,0,0,1,1,1,1,2,0,1,0
71852,0,1,2,0,0,0,1,1,0,1,2,1,0
71853,0,0,1,1,0,2,1,1,1,2,1,0,0
71855,2,1,1,1,0,0,0,0,0,0,0,1,0
71856,0,0,2,0,0,0,0,1,0,1,0,1,0
71857,0,0,2,1,0,0,0,1,0,1,1,1,0
71858,0,0,1,1,1,1,0,1,1,2,2,0,0
71859,1,1,2,0,0,1,1,0,0,1,2,1,1
71860,0,0,1,0,0,0,0,0,1,2,1,0,0
71861,2,0,2,0,0,0,0,1,0,2,0,1,0
71862,0,1,1,2,0,0,1,1,1,1,1,0,0
71863,1,1,0,1,0,0,2,2,0,2,0,0,1
71865,0,0,1,0,0,0,1,1,1,0,1,2,0
71866,1,0,1,0,0,0,0,0,0,1,1,0,0
71867,1,1,1,0,0,0,0,1,0,2,1,1,0
71868,1,0,1,0,0,0,0,0,1,1,2,0,0
71870,0,1,1,0,0,0,0,0,0,1,1,1,0
71871,1,2,2,0,0,0,0,2,1,1,0,2,0
71873,0,1,0,0,0,1,0,1,0,1,1,2,0
71875,0,0,2,0,0,1,0,1,0,2,0,0,0
71876,0,0,0,0,0,0,1,0,0,2,1,1,0
71877,0,1,0,1,0,1,1,1,1,2,0,0,0
71878,0,0,2,1,0,1,0,0,0,1,0,0,0
71879,0,0,1,1,0,0,0,0,1,1,1,1,0
71880,1,1,1,0,0,0,0,0,0,1,1,2,0
71881,0,2,1,0,1,0,1,1,0,2,1,1,0
71882,0,1,1,0,0,0,0,0,0,2,1,0,1
71883,1,0,1,0,0,0,1,1,0,1,0,2,0
71884,0,0,2,0,0,1,0,1,1,1,2,1,1
71885,2,2,0,0,1,0,1,1,2,1,1,0,1
71886,0,2,2,2,0,0,0,0,0,0,0,1,0
71887,0,2,0,0,0,0,1,2,1,1,0,1,0
71889,0,1,1,1,0,0,1,1,1,2,0,1,0
71890,0,1,2,0,0,0,1,0,0,1,0,2,0
71891,0,0,2,0,1,0,0,0,1,1,1,0,0
71892,1,1,1,1,1,0,1,1,0,2,0,1,0
71893,0,1,1,0,0,0,1,0,0,1,0,0,0
71895,0,1,2,1,0,0,0,2,2,2,2,1,0
71896,1,2,0,0,0,0,0,1,1,1,0,1,0
71897,0,1,1,0,0,0,0,0,0,1,0,2,0
71898,0,0,2,1,0,0,1,0,0,2,1,1,0
71899,0,0,1,0,0,1,1,1,0,1,0,0,0
719,0,0,2,0,0,0,1,1,1,1,1,0,0
71900,0,0,0,0,0,1,0,0,1,1,1,1,0
71901,1,1,1,0,0,0,0,0,1,2,0,1,0
71902,0,2,2,0,0,0,1,1,1,2,0,0,0
71903,1,2,0,0,0,1,0,0,0,1,1,1,0
71904,1,1,0,0,0,0,0,0,0,2,2,1,0
71906,0,1,2,1,1,1,1,1,1,2,1,1,0
71907,1,1,1,0,0,0,1,0,0,2,1,0,0
71908,0,1,2,0,0,1,0,0,0,1,1,1,0
71909,1,1,1,0,0,0,1,1,0,1,1,1,1
71910,0,1,0,0,0,0,2,2,0,1,2,1,0
71911,0,1,1,1,0,0,0,0,0,1,1,1,0
71912,0,1,1,0,0,0,1,1,1,0,0,0,0
71913,1,1,2,0,0,0,1,1,1,1,0,1,0
71915,1,2,2,0,1,1,1,1,2,2,1,0,0
71916,1,1,2,1,0,0,2,1,0,1,0,0,0
71917,0,2,1,0,0,1,1,1,0,1,2,0,0
71918,0,2,1,0,0,1,0,0,0,2,1,0,0
71919,0,2,1,0,0,0,0,0,2,2,0,0,0
71920,0,0,2,1,0,0,1,1,0,2,0,0,0
71922,0,2,1,0,0,0,1,1,0,2,1,1,0
71923,1,1,2,1,0,0,0,0,0,2,2,1,0
71924,0,0,1,1,0,0,0,0,1,1,2,1,0
71925,0,0,2,0,0,0,0,1,1,2,0,2,0
71926,1,2,2,0,0,0,1,1,1,2,0,1,0
71927,0,0,1,0,0,0,0,0,1,2,2,0,0
71928,0,1,2,0,0,0,1,1,0,1,1,0,0
71929,1,2,1,0,0,0,1,2,0,1,1,0,0
71930,0,1,2,0,0,0,0,1,1,1,1,2,0
71931,0,1,2,0,0,0,0,0,0,2,0,1,0
71932,1,1,1,0,0,1,0,0,0,2,1,0,0
71933,0,0,1,0,0,0,1,1,1,1,0,0,0
71934,1,1,2,1,0,0,1,2,0,2,2,0,0
71935,0,2,1,0,0,1,0,1,0,2,1,0,0
71936,2,1,0,0,0,0,2,2,1,1,0,1,0
71937,1,0,2,1,1,0,0,0,0,1,1,1,0
71938,1,1,2,0,0,1,0,1,0,0,1,0,0
71939,0,1,2,0,0,0,1,1,0,2,0,1,0
71940,0,0,1,0,0,1,1,1,1,2,1,0,0
71941,1,0,1,1,0,1,2,0,1,1,2,0,0
71942,0,2,1,0,0,1,0,1,0,1,1,0,0
71943,0,0,2,0,0,0,0,0,1,2,2,0,0
71944,0,0,2,0,0,1,1,2,0,2,1,0,0
71945,0,0,2,0,0,0,1,1,0,1,0,0,0
71946,0,1,1,0,0,0,1,1,1,2,1,1,0
71947,1,1,2,0,0,0,2,1,0,1,0,1,0
71948,0,2,2,0,0,0,2,1,0,0,2,0,1
71949,1,0,2,0,0,0,1,1,0,1,0,2,1
71950,0,1,0,1,0,0,0,1,0,2,2,1,0
71951,2,0,2,0,1,1,0,0,0,2,1,0,0
71952,1,1,2,0,1,0,1,1,1,2,1,1,0
71954,0,0,2,1,0,0,0,0,1,2,1,1,1
71955,0,1,1,1,0,0,1,1,1,1,0,1,0
71956,0,1,2,0,0,0,1,1,0,1,0,0,0
71958,0,1,1,0,0,0,0,0,0,2,1,0,0
71959,1,1,1,0,1,0,0,0,0,2,1,1,0
71960,1,1,1,1,1,0,0,0,1,2,0,0,0
71961,0,0,2,1,1,1,1,1,1,1,1,2,0
71962,0,1,0,0,0,2,0,0,0,2,1,0,0
71963,0,2,2,1,0,0,1,1,1,1,1,1,0
71964,0,1,1,0,0,1,0,0,2,2,1,1,0
71965,0,1,2,0,0,0,0,1,0,2,0,0,0
71966,1,0,1,1,0,0,1,1,0,0,0,2,0
71967,0,2,2,0,0,0,0,0,0,2,1,2,0
71968,0,1,1,1,0,0,0,1,0,2,1,2,0
71969,0,1,2,0,0,0,1,1,1,2,1,0,0
71970,0,1,1,0,0,0,1,0,1,1,0,0,0
71971,0,0,2,0,0,0,1,1,0,2,0,0,0
71972,2,1,2,0,1,0,1,0,0,1,1,0,0
71973,1,1,1,0,0,1,1,1,1,2,0,1,0
71974,0,1,1,0,0,0,0,0,0,1,2,0,1
71975,1,0,1,0,1,0,1,1,0,2,1,1,0
71976,1,1,2,0,0,1,0,1,1,2,2,0,0
71977,0,1,2,0,0,0,1,1,1,1,2,0,0
71978,0,1,1,1,0,0,1,1,0,1,1,1,0
71979,0,1,2,0,0,0,1,0,1,0,0,1,0
71980,0,0,1,1,0,0,0,2,1,2,1,1,0
71981,1,0,2,2,0,0,1,1,0,1,1,0,0
71982,0,2,0,0,0,0,0,1,1,2,1,0,0
71983,0,2,1,0,0,0,0,0,1,0,2,2,0
71984,1,1,1,0,0,2,1,1,0,2,1,0,0
71985,1,2,0,0,0,1,0,0,2,0,1,1,1
71986,0,2,1,1,0,1,0,0,0,1,2,0,0
71987,0,0,1,0,0,1,0,0,0,2,1,0,0
71988,1,1,0,1,0,0,1,2,1,2,1,0,0
71989,0,1,0,2,0,0,0,0,0,1,1,0,0
71991,0,0,1,0,1,0,0,1,1,1,1,1,0
71992,1,0,2,0,0,0,1,0,0,0,1,0,0
71993,0,1,2,0,1,0,0,0,1,0,0,0,0
71994,0,2,0,2,0,0,2,1,1,0,2,1,1
71995,1,0,2,1,1,0,1,1,0,1,0,0,1
71996,0,0,2,0,0,0,1,1,1,2,1,1,0
731,1,0,1,0,0,0,2,2,1,2,0,0,0
732,1,0,1,0,1,1,2,1,0,1,1,1,0
736,0,1,2,0,0,0,0,1,0,2,1,1,0
742,1,1,1,0,0,0,0,1,1,2,2,0,0
744,0,0,1,0,1,0,0,1,0,2,1,0,0
74458,2,0,2,0,0,0,0,0,0,2,1,1,1
746,1,2,1,0,1,0,1,0,0,2,0,1,0
751,1,1,1,0,1,0,2,2,0,2,1,2,1
76348,2,1,1,0,0,1,0,0,0,2,1,0,0
76349,0,1,2,0,0,0,0,0,0,1,0,0,0
76350,0,0,0,1,0,0,1,1,1,2,0,0,0
76351,0,2,2,0,0,0,1,1,0,1,0,0,0
76352,0,1,0,1,0,0,2,2,1,2,2,0,0
76353,0,1,2,0,0,1,1,2,0,1,1,1,1
76354,0,1,1,0,0,0,2,2,1,1,1,1,0
766,1,2,1,1,0,0,2,2,0,2,1,1,0
76655,0,0,1,1,0,0,1,1,1,1,2,2,0
775,1,1,1,2,0,0,0,0,1,2,2,1,0
777,1,1,1,0,0,0,1,1,0,2,1,0,0
783,1,1,2,0,1,0,1,1,0,2,0,1,1
785,0,2,0,1,1,2,1,1,0,2,1,1,0
786,0,0,1,1,0,1,0,0,1,2,1,0,0
787,0,1,2,0,0,0,2,2,1,1,0,0,0
791,0,0,1,2,0,0,1,1,1,1,1,1,0
797,1,1,0,0,0,0,0,0,1,2,0,0,0
812,0,0,1,1,1,0,0,1,1,2,0,1,0
813,0,1,1,0,0,1,1,0,0,1,1,0,0
816,0,1,1,0,0,0,0,0,0,2,1,1,0
828,1,0,1,1,0,0,1,1,0,2,1,1,0
834,1,0,1,0,0,1,1,1,0,2,1,2,0
843,0,2,1,1,0,1,1,2,1,1,0,2,0
849,1,2,0,0,0,0,0,0,1,2,1,0,0
850,0,1,2,0,0,0,1,2,1,1,1,1,0
851,1,1,2,0,0,0,0,1,0,2,1,1,1
859,1,1,1,1,0,0,0,1,1,1,0,2,0
871,0,1,1,0,0,0,1,0,0,2,2,0,0
886,0,1,1,0,0,0,1,1,1,1,1,2,0
892,1,1,0,1,0,0,0,1,0,1,2,0,0
894,0,0,1,1,1,0,0,0,1,1,1,2,0
896,0,0,0,0,0,0,1,1,1,2,0,0,0
931,2,1,1,0,0,0,2,1,0,2,0,1,0
933,1,0,0,0,0,0,1,1,0,1,1,1,0
937,0,2,1,0,0,0,0,1,1,2,1,1,0
946,0,0,2,0,1,0,1,2,0,1,1,1,0
948,1,1,1,0,1,0,0,0,2,2,1,1,0
952,2,1,1,1,0,1,1,1,1,2,1,1,0
962,0,2,1,0,1,0,1,1,0,1,0,0,0
966,1,1,2,1,0,0,1,1,1,1,1,2,0
976,1,2,1,1,0,0,0,0,1,2,1,2,0
981,0,1,1,0,0,1,2,0,1,2,0,1,0
991,0,0,1,1,1,1,2,2,1,2,2,2,0
MAP15387421,0,0,2,0,1,0,0,1,2,1,1,0,1
MAP22868024,0,1,0,0,0,0,0,0,1,2,1,0,0
MAP26637867,0,2,1,0,1,0,1,0,0,2,1,1,0
MAP29629849,0,1,1,0,0,0,1,1,1,0,2,0,0
MAP33332646,0,1,2,0,0,1,1,2,0,0,2,1,1
MAP34726040,0,1,2,0,0,1,1,1,0,1,0,0,2
MAP46246604,1,0,2,0,0,1,0,1,0,2,0,0,0
MAP46251007,0,0,2,0,0,0,0,0,1,1,0,1,0
MAP50103679,2,2,1,1,0,0,0,1,1,2,1,2,0
MAP50104134,0,1,1,1,0,0,0,0,0,1,2,0,0
MAP50104846,0,1,1,1,1,0,0,1,0,1,0,2,0
MAP50106442,1,2,1,0,0,0,2,1,1,2,2,2,0
MAP50106992,0,1,1,0,1,0,0,1,0,1,0,1,0
MAP50108462,0,0,1,0,0,0,0,0,0,1,1,0,0
MAP50301099,0,1,1,0,0,1,1,2,0,2,0,0,0
MAP50302680,0,1,0,0,0,0,0,0,1,2,0,0,0
MAP50402431,1,0,2,2,1,0,1,0,0,2,0,1,0
MAP50409406,0,0,2,0,1,0,0,0,0,1,0,0,0
MAP61344957,1,1,1,0,0,0,0,0,1,2,0,1,0
MAP85980779,1,1,1,0,0,0,0,0,1,2,2,1,0
MAP87264456,0,1,2,1,0,0,1,1,0,1,0,1,0
MAP89164957,1,1,1,1,0,1,0,0,0,1,0,0,0
MAP93787649,0,1,1,0,0,0,0,0,0,0,2,0,0
MAP95330358,1,1,1,0,0,0,2,2,0,2,0,1,0
MAP95453354,0,0,1,0,0,0,1,0,1,0,1,0,0
ROS10524640,0,1,2,0,0,0,0,1,2,1,0,0,0
ROS11430815,0,1,2,1,0,0,1,1,0,2,1,1,0
ROS11697592,1,0,2,0,0,0,2,2,0,2,0,1,0
ROS15114174,1,1,2,1,1,0,1,1,0,0,2,0,0
ROS15738428,0,0,1,0,0,0,0,2,0,1,2,1,1
ROS20225051,0,1,2,1,0,0,1,1,2,1,2,1,0
ROS20251553,0,0,1,1,0,0,0,2,0,1,1,1,0
ROS20254452,0,0,2,1,1,0,1,1,1,2,1,1,0
ROS20275399,1,0,1,1,0,0,0,0,0,2,0,1,0
ROS20327084,0,2,1,0,0,0,0,0,0,1,1,0,0
ROS20376029,0,2,1,0,0,1,1,1,1,0,0,1,0
ROS20945666,0,0,1,0,0,0,0,0,0,0,0,1,0
ROS20946257,1,0,1,1,0,0,2,1,0,1,2,1,0
ROS20990085,0,2,2,0,0,0,1,1,0,2,1,1,0
ROS20998065,0,1,2,0,0,0,0,0,0,2,0,0,0
ROS21001807,0,1,2,0,1,1,0,1,0,1,1,0,0
ROS21112011,2,1,0,0,0,0,0,0,2,1,2,1,0
ROS21113864,0,0,1,0,0,1,0,0,0,2,0,1,0
ROS21274866,0,1,2,0,0,0,0,0,1,2,1,1,0
ROS79590778,1,1,2,1,0,0,1,1,0,1,1,1,1
SM-CJEFQ,0,0,0,1,0,0,2,2,1,2,2,1,0
SM-CJEFR,0,2,1,0,0,1,1,1,1,0,0,1,0
SM-CJEFS,0,1,0,1,0,0,1,1,1,1,1,0,0
SM-CJEFU,0,1,2,0,1,1,0,1,1,0,2,1,0
SM-CJEFV,0,1,1,0,0,0,0,1,0,1,0,1,0
SM-CJEFW,0,0,1,0,0,1,0,0,0,1,0,1,0
SM-CJEFX,0,1,1,1,0,0,1,1,2,2,0,1,0
SM-CJEFY,1,1,2,1,1,0,1,1,1,1,1,0,0
SM-CJEFZ,1,0,2,2,1,0,1,0,0,2,0,1,0
SM-CJEG1,0,1,2,0,0,0,0,0,0,1,0,0,0
SM-CJEG3,1,0,0,0,1,0,0,0,1,1,1,0,0
SM-CJEG4,0,0,1,1,0,1,0,0,0,2,0,0,0
SM-CJEG6,1,0,1,0,0,0,1,1,1,2,2,0,0
SM-CJEG7,0,2,1,0,0,1,1,1,0,1,1,1,0
SM-CJEG8,1,1,1,0,1,0,1,1,0,1,1,1,0
SM-CJEG9,0,0,2,1,0,0,0,0,0,2,1,1,0
SM-CJEGA,0,1,0,1,0,1,1,1,0,2,0,0,0
SM-CJEGB,1,1,1,1,0,0,2,2,0,1,0,0,0
SM-CJEGC,0,0,1,1,0,0,0,1,1,2,0,1,0
SM-CJEGD,0,2,1,1,0,0,0,0,0,2,0,2,0
SM-CJEGE,0,2,1,1,1,0,0,0,0,1,2,0,0
SM-CJEGF,1,0,0,1,0,1,1,1,0,2,0,2,0
SM-CJEGG,1,1,2,0,0,0,0,1,0,0,0,1,0
SM-CJEGH,0,0,0,0,0,1,1,1,0,2,0,1,0
SM-CJEGI,1,0,1,1,0,0,1,1,0,0,0,0,0
SM-CJEGJ,0,0,1,0,0,0,1,1,0,2,0,0,0
SM-CJEGK,0,1,1,0,1,0,0,1,1,1,0,2,0
SM-CJEGM,1,0,0,0,0,0,2,2,1,0,1,0,0
SM-CJEGN,1,0,1,0,1,0,0,1,1,1,0,0,0
SM-CJEGO,0,2,2,0,0,0,0,0,1,0,0,0,0
SM-CJEGP,2,0,2,0,0,0,0,1,1,2,1,0,1
SM-CJEGQ,2,2,1,1,0,0,0,0,0,2,1,2,0
SM-CJEGR,1,0,1,0,0,1,1,0,1,1,0,2,0
SM-CJEGS,0,1,1,0,1,0,1,1,0,1,1,1,0
SM-CJEGU,2,1,1,2,0,0,1,0,2,1,1,1,0
SM-CJEGV,0,2,2,0,0,0,1,1,0,1,1,1,0
SM-CJEGX,2,1,1,0,0,0,1,0,0,2,1,0,0
SM-CJEGY,0,1,2,1,0,0,1,1,2,1,2,1,0
SM-CJEGZ,0,1,2,0,0,0,0,1,2,1,0,0,0
SM-CJEH1,0,0,1,0,0,1,1,2,1,1,1,1,1
SM-CJEH2,0,2,2,0,0,0,0,1,0,2,1,1,0
SM-CJEH3,1,2,0,2,0,1,0,0,1,1,2,0,0
SM-CJEH4,0,2,2,0,1,0,1,0,1,1,1,2,0
SM-CJEH5,0,1,2,0,0,0,0,2,1,1,1,0,0
SM-CJEH6,0,0,1,0,0,0,1,1,1,2,0,2,0
SM-CJEHA,1,0,1,0,1,0,1,0,0,2,0,1,0
SM-CJEHD,2,1,1,1,1,0,2,2,1,2,0,0,0
SM-CJEHE,2,0,0,2,0,0,1,0,2,2,0,1,0
SM-CJEHF,0,0,1,1,0,0,1,2,0,2,1,1,0
SM-CJEHG,1,2,1,1,1,0,2,2,1,2,0,0,0
SM-CJEHH,0,0,2,0,0,0,1,1,0,1,1,0,0
SM-CJEHI,0,1,2,1,0,0,1,1,1,1,2,0,0
SM-CJEHJ,1,0,1,0,1,1,1,1,0,2,1,2,0
SM-CJEHK,1,1,2,0,0,2,0,0,1,1,1,1,0
SM-CJEHL,0,1,1,1,1,0,1,2,1,2,2,1,0
SM-CJEHM,1,1,1,0,0,0,1,1,1,1,1,0,0
SM-CJEHN,1,0,1,0,0,0,1,1,0,2,0,1,0
SM-CJEHP,0,2,0,1,2,0,0,0,2,1,1,0,0
SM-CJEHQ,2,1,2,0,0,0,0,0,0,1,0,0,0
SM-CJEHR,0,1,2,1,0,0,0,1,0,1,1,0,0
SM-CJEHS,0,0,1,0,0,0,1,0,0,2,2,0,0
SM-CJEHT,1,0,2,1,0,0,0,1,0,1,2,0,0
SM-CJEHU,1,0,2,0,0,0,1,2,1,2,2,1,0
SM-CJEHV,0,0,1,1,0,0,1,1,1,2,1,0,0
SM-CJEHW,0,1,1,0,0,0,1,1,1,2,0,1,0
SM-CJEHX,0,2,1,1,1,1,0,0,1,2,1,2,0
SM-CJEHY,1,1,1,0,0,0,0,1,1,1,2,0,0
SM-CJEHZ,1,1,1,0,0,0,1,1,1,1,0,0,0
SM-CJEI1,1,0,2,2,0,0,1,1,0,1,2,2,0
SM-CJEI2,1,1,1,0,1,0,2,2,0,1,1,0,0
SM-CJEI3,0,0,2,0,0,2,0,0,0,2,1,0,0
SM-CJEI4,1,1,1,2,0,0,0,0,0,0,1,1,0
SM-CJEI5,0,1,1,2,1,1,2,2,1,2,0,0,0
SM-CJEI6,1,0,2,0,0,0,0,0,1,2,0,1,1
SM-CJEI7,0,1,0,0,0,1,2,2,2,1,0,0,0
SM-CJEI9,1,1,1,0,0,0,0,0,0,2,0,1,0
SM-CJEIA,1,1,1,1,0,0,0,0,2,2,2,1,0
SM-CJEIB,1,1,2,0,0,0,1,1,0,1,1,1,0
SM-CJEIC,0,2,1,0,0,0,0,0,2,0,1,1,0
SM-CJEID,0,0,1,0,0,0,1,0,0,1,1,2,0
SM-CJEIE,0,0,2,0,0,0,0,0,0,1,1,1,1
SM-CJEIH,1,1,1,0,0,0,1,0,1,1,0,0,0
SM-CJEIJ,0,0,0,0,1,0,2,2,2,1,1,0,0
SM-CJEIL,2,1,2,0,0,0,0,1,1,2,1,1,0
SM-CJEIM,1,1,2,1,0,0,0,1,0,2,2,1,0
SM-CJEIN,0,0,1,0,1,0,1,1,0,1,2,1,0
SM-CJEIO,1,1,1,1,0,0,1,0,0,2,1,1,0
SM-CJEIP,0,0,2,0,0,0,0,1,0,0,0,0,0
SM-CJEIQ,0,0,1,0,0,0,1,2,0,2,0,0,0
SM-CJEIR,1,1,2,1,0,0,1,1,0,2,0,1,0
SM-CJEIS,0,0,0,0,1,0,1,1,0,1,1,2,0
SM-CJEIU,0,1,2,0,0,0,0,0,0,1,0,1,0
SM-CJEIV,0,0,1,1,0,0,0,1,2,2,1,2,0
SM-CJEIW,0,1,0,0,0,0,1,0,0,0,1,1,0
SM-CJEIX,0,2,2,0,0,1,2,1,0,2,1,0,0
SM-CJEIY,2,1,2,1,1,0,0,0,1,1,1,0,1
SM-CJEJ2,0,1,1,0,0,0,1,1,1,1,2,0,0
SM-CJEJ3,0,0,1,0,0,0,0,1,2,0,0,1,0
SM-CJEJ4,1,0,0,0,0,1,1,1,0,2,2,1,0
SM-CJEJ5,0,0,1,1,0,0,1,0,0,2,2,2,0
SM-CJEJ6,0,1,0,0,0,0,1,1,0,1,1,1,0
SM-CJEJ7,1,0,1,2,0,0,2,2,0,1,0,1,0
SM-CJEJ8,0,2,0,1,0,0,0,1,1,2,1,0,1
SM-CJEJ9,1,2,0,0,0,1,1,1,1,2,1,0,0
SM-CJEJA,0,2,2,0,0,0,1,1,1,0,0,1,0
SM-CJEJB,0,0,2,0,0,0,1,0,2,0,1,2,0
SM-CJEJD,1,0,1,1,0,1,1,1,0,2,2,1,0
SM-CJEJE,2,0,2,1,0,0,0,1,1,0,0,2,0
SM-CJEJG,1,1,1,0,1,0,1,1,0,2,0,1,0
SM-CJEJH,1,1,0,0,0,0,1,0,1,1,2,0,0
SM-CJEJI,0,1,0,0,0,1,0,1,0,0,0,0,0
SM-CJEJJ,1,0,1,1,0,0,0,0,1,2,1,2,0
SM-CJEJK,1,1,1,0,0,0,0,2,1,2,2,0,0
SM-CJEJL,1,1,2,1,0,0,1,2,1,1,0,1,0
SM-CJEJM,1,0,0,0,0,0,1,1,0,1,0,0,0
SM-CJEJN,1,0,2,0,0,0,0,0,0,2,0,1,0
SM-CJEJO,0,2,1,0,0,0,0,1,1,1,0,0,1
SM-CJEJP,0,2,1,0,0,0,1,1,1,2,2,0,0
SM-CJEJQ,1,1,2,1,1,0,0,1,0,2,1,0,0
SM-CJEJR,0,1,1,0,0,0,0,1,2,2,1,0,0
SM-CJEJS,0,1,1,0,0,1,1,0,1,1,2,1,0
SM-CJEJT,0,0,1,1,0,0,0,1,1,2,2,2,0
SM-CJEJU,0,0,1,1,0,1,0,0,1,2,1,0,0
SM-CJEJV,0,0,1,0,0,1,1,2,1,2,1,2,0
SM-CJEJW,1,1,1,1,0,0,1,0,0,1,1,1,0
SM-CJEJY,0,1,1,1,0,0,1,1,1,2,1,0,0
SM-CJEJZ,1,0,1,1,0,1,1,2,0,2,1,0,0
SM-CJEK1,0,1,1,1,0,0,0,1,0,0,0,1,1
SM-CJEK3,0,0,2,0,2,1,1,1,2,1,0,1,0
SM-CJEK4,0,1,2,1,1,0,0,0,1,1,2,1,1
SM-CJEK5,1,0,1,1,1,0,1,1,0,2,1,1,0
SM-CJEK6,1,1,1,0,0,0,1,0,0,0,1,1,0
SM-CJEK7,0,1,2,0,1,0,1,0,2,2,1,1,0
SM-CJEK9,1,0,2,1,0,0,1,1,1,1,1,0,0
SM-CJEKA,0,1,1,1,0,0,0,1,1,2,1,1,0
SM-CJEKB,1,0,0,0,1,0,0,1,2,2,2,1,0
SM-CJEKC,0,1,1,1,0,0,0,1,1,1,1,0,0
SM-CJEKE,1,1,1,1,0,0,2,1,0,0,1,0,0
SM-CJEKF,0,1,1,0,0,0,1,1,0,2,0,1,0
SM-CJEKG,0,0,1,1,0,1,1,2,0,2,0,0,2
SM-CJEKH,0,1,2,0,0,1,1,2,0,0,2,1,1
SM-CJEKI,1,2,1,1,0,0,1,1,1,2,0,0,0
SM-CJEKJ,0,2,2,1,1,0,1,0,2,0,1,2,0
SM-CJEKK,1,0,1,0,0,0,1,1,0,1,1,0,0
SM-CJEKL,0,0,2,1,0,0,0,0,0,0,2,0,0
SM-CJEKM,1,2,2,0,0,0,0,1,0,1,0,1,0
SM-CJEKN,1,1,0,1,0,0,2,2,1,1,0,1,0
SM-CJEKO,0,0,2,1,0,0,0,1,0,1,1,1,0
SM-CJEKP,0,0,0,0,1,0,0,0,1,2,2,1,0
SM-CJEKQ,1,0,1,0,0,0,0,0,0,1,1,1,0
SM-CJEKR,1,0,1,1,1,0,1,1,1,1,0,0,0
SM-CJEKS,0,1,2,1,0,0,1,2,2,1,0,1,0
SM-CJEKV,0,2,1,2,1,0,1,1,1,2,2,0,0
SM-CJEKW,1,1,1,2,0,0,0,0,0,2,2,1,0
SM-CJEKX,1,0,0,0,0,0,0,0,0,2,1,1,0
SM-CJEKY,0,0,1,0,0,0,2,2,0,2,1,0,0
SM-CJEKZ,0,0,1,0,0,0,1,2,1,2,0,1,1
SM-CJEL2,1,2,1,1,2,0,0,1,1,1,0,1,0
SM-CJEL3,1,2,1,1,2,0,0,1,1,1,0,1,0
SM-CJEL6,0,1,1,2,0,0,1,2,1,2,1,1,0
SM-CJEL7,2,2,0,0,1,0,1,1,1,2,1,1,0
SM-CJFK4,1,0,1,0,0,2,1,2,0,1,1,2,0
SM-CJFK5,0,1,0,0,1,1,1,2,1,2,1,1,0
SM-CJFK6,0,0,0,0,0,0,1,0,0,2,1,0,0
SM-CJFK7,0,0,2,1,0,1,1,1,0,2,1,0,0
SM-CJFK8,0,1,2,0,1,0,1,1,0,1,1,0,0
SM-CJFK9,0,2,1,0,0,0,1,1,0,1,1,0,0
SM-CJFKA,0,0,1,0,1,0,0,1,0,1,2,0,0
SM-CJFKB,1,1,0,1,0,0,0,0,0,1,0,0,0
SM-CJFKD,1,1,1,0,0,0,0,0,1,2,2,1,2
SM-CJFKE,1,1,1,0,0,0,1,1,0,1,0,0,0
SM-CJFKF,1,0,0,2,1,1,1,1,1,2,1,0,0
SM-CJFKG,1,1,1,0,0,0,0,1,0,1,1,1,0
SM-CJFKH,0,0,1,0,0,0,0,0,1,2,1,2,0
SM-CJFKI,0,1,1,0,0,0,0,1,0,1,0,1,0
SM-CJFKJ,0,2,2,1,0,0,1,0,1,1,1,0,0
SM-CJFKK,0,0,2,0,0,0,1,2,0,1,2,1,1
SM-CJFKM,0,1,1,1,0,0,1,1,0,0,0,1,0
SM-CJFKO,0,1,1,0,0,0,0,1,1,2,2,1,0
SM-CJFKP,1,0,1,0,0,0,1,1,1,2,2,0,0
SM-CJFKQ,0,1,1,0,0,0,2,2,0,0,1,1,0
SM-CJFKR,1,1,1,0,0,0,1,1,1,1,2,1,0
SM-CJFKS,1,0,1,1,0,1,1,1,1,2,2,0,0
SM-CJFKT,1,1,1,0,0,1,1,2,1,0,2,0,0
SM-CJFKU,0,2,0,0,0,1,1,1,0,0,0,1,0
SM-CJFKV,1,2,1,1,0,0,1,1,1,2,2,0,0
SM-CJFKW,1,0,0,0,0,1,1,1,0,1,0,0,0
SM-CJFKX,1,0,0,2,0,0,1,1,0,2,0,1,0
SM-CJFKY,1,0,2,1,0,0,1,1,1,1,1,1,0
SM-CJFKZ,1,2,2,0,0,0,0,1,0,2,0,0,1
SM-CJFL3,0,0,1,1,0,0,2,2,1,1,2,1,1
SM-CJFL4,0,0,2,0,0,0,1,1,2,1,0,1,0
SM-CJFL5,1,2,0,0,0,1,2,1,0,1,1,1,0
SM-CJFL7,1,2,2,0,1,0,1,1,2,2,1,0,0
SM-CJFL8,0,0,2,1,1,0,0,0,0,2,1,1,0
SM-CJFL9,0,0,2,1,1,1,0,0,1,1,0,0,0
SM-CJFLA,0,1,0,0,0,1,0,0,1,1,0,0,1
SM-CJFLB,1,1,2,1,0,0,1,1,1,1,1,1,0
SM-CJFLC,1,0,1,0,1,0,1,2,1,1,2,1,0
SM-CJFLD,1,0,1,0,0,0,1,1,0,1,0,1,0
SM-CJFLE,1,1,2,0,0,0,0,1,1,2,2,1,0
SM-CJFLF,1,0,0,1,0,0,2,2,0,2,2,0,0
SM-CJFLG,1,0,0,1,0,0,1,1,1,1,1,0,1
SM-CJFLH,0,1,1,0,0,0,1,1,0,1,0,2,0
SM-CJFLI,0,0,0,1,0,1,0,0,0,1,1,0,0
SM-CJFLL,0,1,0,0,0,0,0,0,1,1,1,1,0
SM-CJFLM,0,2,2,0,1,1,0,0,0,2,2,1,0
SM-CJFLO,1,1,1,0,0,0,2,2,1,1,2,0,0
SM-CJFLQ,1,2,2,0,0,0,0,1,0,2,1,0,0
SM-CJFLR,0,2,0,0,0,0,0,1,1,2,0,0,0
SM-CJFLS,0,0,2,1,0,1,1,2,1,1,2,2,1
SM-CJFLT,2,0,1,0,0,0,1,1,0,1,1,0,0
SM-CJFLV,1,0,0,0,0,0,1,1,1,2,1,1,0
SM-CJFLW,0,0,1,0,0,0,0,1,0,2,1,0,0
SM-CJFLX,0,1,2,1,0,0,0,0,0,2,1,1,0
SM-CJFLY,0,1,2,0,0,0,0,1,1,1,0,1,0
SM-CJFLZ,0,1,1,0,1,1,0,0,2,2,2,1,0
SM-CJFM1,0,0,2,1,0,0,1,1,1,1,1,1,0
SM-CJFM2,0,0,1,0,0,0,1,1,0,0,1,1,1
SM-CJFM3,1,1,0,0,0,0,1,1,0,0,0,0,0
SM-CJFM4,1,1,2,0,0,0,0,0,2,2,0,0,0
SM-CJFM5,1,0,2,0,0,0,1,2,1,2,1,1,0
SM-CJFM6,0,1,1,1,0,2,0,1,0,0,0,1,1
SM-CJFM7,0,1,1,2,0,0,1,1,0,2,0,0,0
SM-CJFM8,0,1,0,0,1,1,0,0,0,1,1,0,0
SM-CJFM9,0,0,1,1,0,0,0,1,1,1,1,1,0
SM-CJFMA,0,1,2,0,1,0,1,0,1,2,0,1,0
SM-CJFMB,1,0,2,1,0,0,0,0,0,2,1,1,1
SM-CJFMD,0,2,1,0,0,0,1,0,0,2,0,0,0
SM-CJFME,1,1,1,1,1,0,0,0,1,1,2,0,0
SM-CJFMH,1,1,2,1,0,0,0,0,0,2,0,2,0
SM-CJFMJ,0,0,1,0,0,0,1,1,0,1,2,0,1
SM-CJFMK,1,0,0,1,1,0,0,0,1,1,0,0,0
SM-CJFMM,0,1,1,0,0,0,0,1,1,2,1,1,0
SM-CJFMO,0,0,1,0,1,0,2,2,1,1,0,0,0
SM-CJFMP,0,1,0,0,0,0,0,0,1,1,0,1,0
SM-CJFMQ,1,1,0,0,1,0,2,2,1,2,0,1,0
SM-CJFMR,0,2,0,2,1,0,2,1,0,2,0,1,0
SM-CJFMT,0,1,1,2,0,0,1,1,0,0,2,1,0
SM-CJFMU,0,0,1,0,0,0,1,1,0,2,0,1,0
SM-CJFMV,0,1,1,0,0,1,1,1,0,2,0,1,0
SM-CJFMW,1,2,1,0,1,0,1,1,1,1,1,2,0
SM-CJFMX,0,1,2,1,0,0,0,0,1,2,0,0,0
SM-CJFMY,1,1,1,0,0,0,1,1,1,0,2,0,0
SM-CJFMZ,1,1,2,0,0,0,1,2,1,1,1,1,0
SM-CJFN1,0,2,1,0,0,0,1,1,0,2,1,1,0
SM-CJFN2,0,1,2,1,1,1,2,1,0,2,2,2,0
SM-CJFN3,0,1,0,0,0,1,2,2,0,1,1,0,0
SM-CJFN4,0,1,1,0,0,0,1,2,0,1,2,0,1
SM-CJFN5,0,0,1,0,0,0,0,0,1,2,1,1,0
SM-CJFN6,1,1,2,0,0,0,0,2,2,2,1,1,0
SM-CJFN7,2,0,1,0,0,0,2,2,0,1,0,1,1
SM-CJFN8,0,1,2,2,0,1,2,2,0,2,0,0,0
SM-CJFN9,0,0,2,1,0,0,0,1,0,1,0,1,1
SM-CJFNA,1,0,1,0,0,0,0,0,0,2,0,1,0
SM-CJFNB,0,2,1,1,0,2,1,1,0,2,2,0,0
SM-CJFNC,0,2,2,0,0,0,2,1,0,0,2,0,0
SM-CJFND,0,0,2,1,0,0,1,0,1,2,1,0,0
SM-CJFNE,2,1,2,1,0,0,2,2,0,0,1,0,1
SM-CJFNF,0,1,1,2,0,0,0,1,0,2,0,0,0
SM-CJFNG,0,2,1,0,0,0,2,1,0,2,1,1,0
SM-CJFNH,0,0,2,0,0,0,0,1,0,1,0,1,0
SM-CJFNI,0,1,2,2,0,1,1,1,0,2,2,1,0
SM-CJFNJ,0,0,2,1,0,1,0,0,1,2,1,0,0
SM-CJFNK,1,0,1,1,0,0,0,0,2,1,1,1,0
SM-CJFNL,1,0,1,0,0,0,1,1,1,1,0,0,1
SM-CJFNM,0,0,0,0,0,0,1,1,1,2,2,2,0
SM-CJFNO,0,1,0,0,0,0,1,1,1,1,1,1,0
SM-CJFNP,0,2,1,2,0,0,0,0,0,2,1,1,0
SM-CJFNQ,2,1,2,0,1,0,0,1,0,2,1,1,0
SM-CJFNR,0,2,0,0,1,0,1,1,0,2,1,1,0
SM-CJFNS,1,1,0,0,0,0,1,1,0,2,1,1,0
SM-CJFNT,0,2,2,0,0,1,1,0,0,2,1,1,0
SM-CJFNU,1,2,1,0,0,1,0,0,0,2,1,1,0
SM-CJFNV,1,1,1,0,1,0,1,1,0,2,0,0,0
SM-CJFNW,0,0,0,0,0,0,1,1,1,1,0,1,1
SM-CJFNX,0,0,2,0,0,1,0,0,2,2,1,1,0
SM-CJFNY,1,1,2,1,0,0,1,2,0,2,1,0,0
SM-CJFO1,0,1,1,0,0,0,1,2,0,1,0,1,0
SM-CJFO2,0,1,1,0,0,0,0,1,0,1,0,1,0
SM-CJFO3,0,2,2,1,0,0,2,1,0,2,2,0,0
SM-CJFO4,1,1,0,1,0,1,0,0,0,2,1,0,0
SM-CJFO5,0,0,2,0,0,1,0,0,0,2,1,1,0
SM-CJFO6,0,0,1,0,0,0,2,2,1,1,0,1,0
SM-CJFO7,1,0,0,0,0,0,1,1,0,2,0,0,0
SM-CJFO8,1,1,1,0,0,0,1,1,0,0,0,1,0
SM-CJFO9,1,1,1,2,0,0,1,1,0,1,2,1,2
SM-CJFOA,1,1,0,0,0,1,0,0,0,0,1,0,0
SM-CJFOC,1,1,2,0,0,0,0,0,0,2,2,1,0
SM-CJFOD,0,2,1,0,0,0,0,1,0,1,1,0,1
SM-CJFOE,0,1,1,0,0,0,1,0,0,2,0,1,1
SM-CJFOF,0,1,1,1,0,0,1,2,1,2,2,1,0
SM-CJFOH,0,0,2,0,0,1,0,0,1,0,1,0,0
SM-CJFOI,0,0,2,0,2,0,0,0,1,0,1,1,0
SM-CJFOJ,0,0,1,0,0,1,1,1,0,1,2,0,1
SM-CJFOK,0,1,0,0,0,0,1,1,1,1,0,1,0
SM-CJFOL,0,0,0,0,0,1,1,2,0,0,1,1,0
SM-CJFOM,2,1,1,0,0,1,2,1,0,0,1,1,0
SM-CJFON,1,1,0,0,0,0,1,1,1,2,0,2,0
SM-CJFOO,1,1,2,1,0,0,0,0,1,2,0,1,0
SM-CJFOP,1,2,1,0,1,0,2,2,1,1,1,2,0
SM-CJFOQ,0,1,2,2,0,0,0,0,0,2,2,0,1
SM-CJFOR,0,0,2,0,0,0,1,0,1,1,1,2,0
SM-CJFOS,1,1,2,1,0,0,1,1,0,1,1,2,1
SM-CJFOT,0,0,1,1,1,1,1,2,0,1,1,0,0
SM-CJFOU,1,2,2,0,0,1,1,1,1,2,1,1,0
SM-CJFOV,0,1,0,1,0,0,0,0,0,1,2,0,0
SM-CJFOW,1,2,2,0,0,1,1,1,0,1,1,1,0
SM-CJFOX,0,1,1,0,1,1,1,1,1,2,1,2,0
SM-CJFOY,1,0,0,1,0,0,0,0,0,2,0,0,0
SM-CJFOZ,0,1,2,0,0,2,0,1,1,1,1,1,0
SM-CJFP1,0,1,2,2,1,0,2,2,0,0,1,0,0
SM-CJFP2,1,1,2,1,1,1,2,2,0,2,0,1,0
SM-CJFP3,0,0,2,1,0,0,1,0,0,0,2,0,0
SM-CJFP4,0,2,1,0,0,0,0,0,0,1,1,1,0
SM-CJFP5,0,0,2,0,0,0,0,0,0,1,0,2,0
SM-CJFP6,0,1,1,0,0,1,0,0,0,1,0,0,0
SM-CJFP7,0,1,1,0,1,0,1,0,1,2,0,1,0
SM-CJFP8,0,1,1,0,1,0,1,1,1,2,1,1,1
SM-CJFP9,1,0,2,0,0,0,1,1,0,2,2,2,0
SM-CJFPA,0,1,2,0,0,0,2,0,1,1,1,1,0
SM-CJFPB,0,0,0,0,0,0,2,2,1,2,0,0,0
SM-CJFPC,0,1,0,0,0,0,0,0,1,0,1,0,0
SM-CJFPD,0,0,2,0,0,0,2,2,1,2,1,0,0
SM-CJFPE,0,2,2,0,0,0,1,1,0,1,0,1,0
SM-CJFPF,0,0,2,0,1,0,0,1,0,1,1,0,0
SM-CJFPG,2,1,2,0,0,0,1,1,0,1,2,1,0
SM-CJFPH,1,1,1,0,1,1,0,0,1,0,1,2,0
SM-CJFPI,0,2,1,0,0,0,1,1,1,1,0,0,0
SM-CJFPJ,1,1,2,2,2,0,1,0,0,1,1,0,0
SM-CJFPK,1,0,2,1,0,1,1,1,1,2,0,1,0
SM-CJGGK,1,0,2,0,0,0,2,2,1,1,0,0,0
SM-CJGGL,2,0,2,0,0,1,2,2,0,1,1,0,0
SM-CJGGM,0,1,2,1,0,0,2,1,1,1,0,2,0
SM-CJGGN,0,1,0,0,0,0,1,1,0,1,1,0,0
SM-CJGGO,0,1,1,0,0,1,0,0,0,1,1,1,0
SM-CJGGP,1,0,1,1,0,1,0,1,0,1,1,0,0
SM-CJGGQ,1,0,2,0,1,0,1,1,0,2,0,1,0
SM-CJGGR,0,2,2,1,0,0,1,0,1,2,0,1,0
SM-CJGGS,0,1,1,0,1,0,0,0,0,1,1,0,0
SM-CJGGT,1,1,1,0,0,2,0,1,0,1,1,1,0
SM-CJGGU,2,1,1,0,0,1,1,2,0,2,1,0,0
SM-CJGGV,0,1,2,0,0,1,1,1,1,1,1,1,0
SM-CJGGW,1,0,2,0,1,0,0,0,1,1,1,1,0
SM-CJGGX,0,0,2,0,1,0,0,0,0,1,0,0,0
SM-CJGGY,1,1,1,0,0,0,1,0,1,2,0,0,0
SM-CJGGZ,1,1,2,1,0,1,1,1,0,0,2,1,0
SM-CJGH1,1,2,1,1,0,0,0,0,0,1,2,0,0
SM-CJGH2,1,2,2,0,0,1,2,0,1,2,0,2,0
SM-CJGH3,1,2,2,1,0,0,1,1,0,2,1,0,0
SM-CJGH4,2,0,1,0,0,0,0,1,1,1,1,1,0
SM-CJGH5,0,0,1,0,1,0,1,1,0,1,0,2,0
SM-CJGH6,0,0,0,2,1,0,1,1,1,2,1,0,1
SM-CJGH7,0,0,0,0,1,0,0,0,0,1,2,1,0
SM-CJGH8,1,1,1,1,0,0,1,0,0,1,1,1,0
SM-CJGH9,1,1,0,1,0,1,0,1,0,1,1,0,0
SM-CJGHA,0,2,2,0,0,0,1,1,2,0,1,1,0
SM-CJGHB,0,0,1,0,1,0,2,2,1,2,2,1,0
SM-CJGHC,0,1,1,0,0,2,1,1,0,1,1,1,0
SM-CJGHD,0,0,2,1,0,0,1,0,0,2,1,1,0
SM-CJGHE,0,1,2,1,0,1,0,1,1,2,2,0,0
SM-CJGHF,0,1,1,0,0,0,1,2,1,2,1,1,0
SM-CJGHG,1,1,1,1,1,0,1,1,1,2,0,1,0
SM-CJGHH,0,0,2,1,0,0,1,1,1,2,0,0,0
SM-CJGHI,0,0,0,2,1,1,1,1,1,1,2,0,0
SM-CJGHJ,0,0,1,0,0,0,0,0,1,2,1,0,0
SM-CJGHK,0,1,0,2,0,0,1,1,2,2,2,2,0
SM-CJGHL,0,1,2,1,0,0,1,1,0,1,0,1,0
SM-CJGHM,0,1,1,1,0,0,1,0,2,2,0,1,0
SM-CJGHN,1,1,1,1,0,0,0,1,0,2,1,0,0
SM-CJGHO,0,0,1,0,0,1,1,2,0,2,1,0,0
SM-CJGHP,0,1,1,0,0,0,1,2,0,2,2,1,1
SM-CJGHQ,0,2,2,0,2,0,0,0,1,1,1,1,1
SM-CJGHR,0,2,1,0,1,0,0,1,1,1,1,1,1
SM-CJGHS,0,1,1,0,1,0,2,2,0,1,1,2,0
SM-CJGHT,0,1,1,0,0,0,2,2,0,2,2,0,0
SM-CJGHU,0,0,1,1,0,0,0,2,0,1,1,1,0
SM-CJGHV,0,1,1,0,0,0,1,1,0,2,2,1,0
SM-CJGHW,0,1,2,0,0,1,0,1,0,2,1,1,0
SM-CJGHX,1,1,1,1,1,0,1,0,0,1,0,0,0
SM-CJGHY,0,1,2,0,0,0,1,1,0,2,0,1,0
SM-CJGHZ,0,0,2,0,0,1,0,0,0,2,0,1,1
SM-CJGI1,0,1,1,1,1,0,0,0,0,1,2,1,0
SM-CJGI2,1,2,0,1,0,0,0,0,1,0,1,0,1
SM-CJGI4,1,1,0,1,0,0,0,1,1,2,2,0,0
SM-CJGI5,1,1,1,1,0,0,0,1,0,1,0,0,0
SM-CJGI6,1,0,1,0,0,0,1,1,1,2,0,1,0
SM-CJGI8,1,0,2,0,1,0,0,0,2,2,0,1,0
SM-CJGI9,1,1,1,0,0,0,1,1,0,1,1,0,0
SM-CJGIA,1,1,2,0,0,0,0,1,1,2,1,2,0
SM-CJGIB,0,0,2,0,0,0,1,1,0,1,1,1,0
SM-CJGIC,1,1,1,0,0,0,0,0,0,2,2,0,0
SM-CJGID,0,2,2,1,0,0,0,1,0,0,1,1,1
SM-CJGIE,1,1,2,0,1,0,2,1,1,0,1,1,0
SM-CJGIF,0,1,2,0,1,0,0,0,0,2,0,2,0
SM-CJGIG,0,1,2,1,0,1,0,0,0,2,1,1,0
SM-CJGIH,1,0,2,1,0,1,1,2,0,2,0,0,0
SM-CJGII,0,0,0,2,0,0,1,0,1,2,0,2,0
SM-CJGIJ,0,0,2,0,0,1,1,1,0,2,1,1,0
SM-CJGIK,1,2,1,0,0,1,0,1,0,2,1,0,0
SM-CJGIL,1,1,2,0,0,0,0,0,0,1,1,1,0
SM-CJGIM,0,2,1,1,0,0,0,1,1,1,2,0,0
SM-CJGIN,0,1,2,0,1,0,0,0,0,1,1,1,0
SM-CJGIP,0,1,0,0,0,0,0,0,0,0,1,1,0
SM-CJGIQ,0,0,2,0,0,0,0,1,2,1,0,0,0
SM-CJGIR,0,2,1,0,0,0,0,0,1,0,0,1,0
SM-CJGIS,1,2,0,0,0,0,1,0,1,2,0,0,0
SM-CJGIT,0,1,1,0,0,0,0,1,0,1,0,1,0
SM-CJGIU,0,2,1,0,0,1,1,1,0,2,1,1,0
SM-CJGIV,0,0,2,1,0,0,2,2,0,1,1,1,0
SM-CJGIW,0,1,1,0,0,1,0,0,0,2,1,1,0
SM-CJGIX,0,0,0,0,0,0,1,0,0,2,2,1,0
SM-CJGIY,0,0,1,0,0,0,1,1,1,1,0,1,0
SM-CJGIZ,1,0,1,0,0,0,1,1,1,1,0,0,1
SM-CJGJ1,0,1,0,1,1,1,1,0,0,2,1,0,1
SM-CJGJ2,1,1,2,1,0,1,0,0,0,1,2,0,0
SM-CJGJ3,0,0,1,1,0,0,2,2,0,2,0,0,0
SM-CJGJ4,1,1,2,1,0,0,1,0,0,1,1,0,0
SM-CJGJ5,1,1,2,1,0,1,1,1,0,2,1,1,0
SM-CJGJ7,0,2,1,1,0,0,0,0,0,2,0,1,0
SM-CJGJ8,2,0,2,0,0,1,1,1,1,1,2,0,0
SM-CJGJ9,0,1,1,1,0,0,0,1,0,1,0,1,0
SM-CJGJA,0,1,2,0,0,0,0,0,0,1,1,1,0
SM-CJGLD,0,1,1,1,1,0,1,0,1,0,0,2,0
SM-CJGLE,0,2,2,0,0,0,1,0,1,2,1,2,0
SM-CJGLF,0,1,1,1,0,0,0,0,0,2,2,0,0
SM-CJGLG,0,2,2,1,0,0,0,0,0,1,1,0,0
SM-CJGLH,0,1,1,0,0,0,1,1,1,2,1,0,0
SM-CJGLI,1,2,0,1,1,0,1,2,1,2,2,0,0
SM-CJGLJ,0,2,1,0,0,0,1,1,1,0,1,1,0
SM-CJGLK,0,2,0,0,1,2,1,1,0,2,0,0,0
SM-CJGLM,2,0,2,0,0,0,0,1,0,2,1,0,0
SM-CJGLP,0,1,1,0,0,0,1,0,1,0,0,0,0
SM-CJGLQ,2,1,2,1,0,1,1,1,0,2,0,1,0
SM-CJGLR,0,0,2,1,0,0,0,1,1,1,1,0,0
SM-CJGLS,1,0,0,0,1,0,1,1,1,1,1,1,0
SM-CJGLT,0,0,1,0,0,0,2,1,0,1,0,0,0
SM-CJGLU,0,1,1,1,1,0,0,0,0,2,1,1,0
SM-CJGLV,1,2,0,0,1,0,1,1,0,2,1,1,0
SM-CJGLW,0,1,2,0,1,0,1,2,2,2,1,1,0
SM-CJGLX,1,0,2,0,0,0,1,1,2,2,1,2,0
SM-CJGLY,0,2,2,1,0,0,0,0,1,2,1,1,0
SM-CJGLZ,0,1,1,0,0,0,1,1,0,1,1,0,0
SM-CJGM2,0,1,1,0,0,1,2,2,1,2,2,0,0
SM-CJGM3,0,1,0,0,0,0,0,0,0,2,1,2,0
SM-CJGM4,0,1,1,0,1,0,0,0,0,2,2,0,0
SM-CJGM5,0,0,1,0,1,1,0,0,0,2,0,0,0
SM-CJGM6,1,1,2,1,0,0,1,1,0,1,1,1,0
SM-CJGM7,1,1,2,1,0,0,0,1,0,1,2,1,0
SM-CJGM8,1,2,0,0,0,0,1,0,1,2,0,1,1
SM-CJGM9,1,2,1,0,0,0,0,1,0,1,1,1,0
SM-CJGMA,0,1,2,0,0,0,1,1,1,1,1,1,1
SM-CJGMC,0,1,0,0,0,0,0,1,1,1,1,0,0
SM-CJGMD,1,1,2,1,0,0,0,1,1,1,2,1,0
SM-CJGMG,1,1,2,0,0,1,0,0,0,2,1,0,0
SM-CJGMH,0,0,1,0,0,0,1,1,1,1,1,1,0
SM-CJGMI,0,1,1,1,1,0,1,1,0,2,0,1,0
SM-CJGMJ,0,0,2,0,0,0,0,0,2,1,1,0,0
SM-CJGMK,0,1,1,0,0,0,1,1,1,1,1,1,0
SM-CJGML,0,0,1,0,1,0,2,2,1,1,2,1,0
SM-CJGMM,0,1,0,0,0,0,0,0,1,2,1,0,1
SM-CJGMN,0,0,1,0,0,0,0,0,1,1,2,0,0
SM-CJGMO,0,0,1,1,0,0,1,0,1,2,1,2,0
SM-CJGMP,0,0,2,1,0,0,1,1,0,1,2,0,0
SM-CJGMQ,0,1,1,0,0,0,1,1,0,2,1,0,1
SM-CJGMR,1,0,1,2,1,0,1,1,0,2,1,1,0
SM-CJGMS,0,2,2,0,0,0,1,2,0,0,2,1,0
SM-CJGMT,0,1,2,1,0,0,0,0,1,2,0,1,0
SM-CJGMU,2,1,1,0,0,0,2,2,0,2,2,0,0
SM-CJGMV,0,1,2,1,0,0,1,1,0,1,1,0,0
SM-CJGMX,2,1,1,1,0,0,1,1,0,2,0,1,0
SM-CJGMY,0,1,1,1,0,0,1,2,0,2,2,0,0
SM-CJGMZ,0,1,2,1,1,0,1,0,0,1,2,1,0
SM-CJGN1,0,1,1,0,0,1,0,0,0,2,1,0,0
SM-CJGN2,1,1,0,0,0,1,0,1,1,1,1,0,0
SM-CJGN3,0,2,2,0,1,0,1,1,2,1,0,1,0
SM-CJGN4,0,0,1,0,0,0,1,2,1,2,1,1,1
SM-CJGN5,1,1,2,0,1,0,1,2,0,2,1,2,0
SM-CJGN6,1,1,1,0,0,0,0,2,0,1,0,0,0
SM-CJGN7,0,1,1,1,0,0,1,0,1,2,0,0,0
SM-CJGN9,0,1,0,0,0,1,1,1,1,2,0,2,0
SM-CJGNB,1,1,2,0,1,0,1,1,1,1,0,0,0
SM-CJGNC,1,2,0,1,0,0,1,1,1,2,0,1,0
SM-CJGND,0,2,2,0,0,1,1,0,1,1,0,1,0
SM-CJGNE,1,0,1,1,0,0,0,1,2,2,1,2,0
SM-CJGNF,1,0,1,2,0,0,0,0,0,1,1,0,1
SM-CJGNG,0,1,2,0,0,0,0,0,0,2,1,1,1
SM-CJGNH,0,0,1,1,0,0,0,0,1,2,2,2,0
SM-CJGNI,1,0,1,0,0,0,2,2,0,1,0,1,0
SM-CJGNJ,2,1,2,0,0,0,0,1,1,0,1,2,0
SM-CJGNK,1,0,2,1,0,0,1,1,0,1,0,1,0
SM-CJGNL,1,0,2,0,0,0,1,2,0,1,1,0,0
SM-CJGNM,0,0,0,1,0,1,1,1,0,1,1,1,0
SM-CJGNN,1,1,1,0,0,0,0,1,1,0,0,1,0
SM-CJGNO,1,1,2,0,0,0,1,1,1,1,0,0,0
SM-CJGNP,0,1,1,1,0,0,1,1,2,1,2,0,0
SM-CJGNQ,0,2,1,0,0,1,1,1,1,2,0,0,0
SM-CJGNS,1,0,2,0,0,0,0,0,0,1,0,0,0
SM-CJGNT,0,1,2,0,0,0,0,1,0,1,1,1,0
SM-CJGNU,2,1,2,1,1,0,0,0,1,1,1,0,0
SM-CJGNX,1,1,1,0,0,1,0,0,0,2,2,1,1
SM-CJGNZ,0,2,1,0,0,0,1,0,1,0,0,1,0
SM-CJGO1,1,0,2,0,0,0,2,2,0,2,0,1,0
SM-CJGO2,1,0,1,1,0,1,0,0,0,2,2,0,0
SM-CJGO3,1,1,2,0,0,1,1,1,0,2,0,0,1
SM-CJIWR,2,1,1,0,0,0,1,1,0,2,0,1,0
SM-CJIWS,1,0,1,0,0,0,2,2,1,2,1,2,0
SM-CJIWT,0,2,1,0,0,0,0,1,2,1,1,0,0
SM-CJIWU,0,2,2,0,0,0,0,0,0,0,0,2,0
SM-CJIWV,0,0,1,0,1,0,0,1,0,2,1,0,0
SM-CJIWW,1,1,2,0,0,0,1,1,1,1,1,0,0
SM-CJIWX,1,1,2,0,0,1,1,1,0,2,1,1,0
SM-CJIWY,0,1,1,1,1,0,1,1,0,2,2,0,0
SM-CJIX1,0,1,1,0,0,0,1,0,1,2,2,1,0
SM-CJIX2,0,1,2,0,0,0,0,1,1,2,0,0,0
SM-CJIX3,2,0,1,0,0,0,0,0,0,1,1,1,0
SM-CJIX4,1,0,1,2,0,0,1,0,0,1,2,0,0
SM-CJIX5,1,0,2,0,0,0,0,1,0,1,1,1,0
SM-CJIX6,0,2,2,0,0,0,1,2,0,2,0,1,0
SM-CJIX8,0,1,1,2,0,2,0,0,0,1,2,0,0
SM-CJIX9,1,1,1,0,0,0,0,0,0,2,2,1,0
SM-CJIXA,0,1,2,0,1,0,0,1,1,1,2,0,0
SM-CJIXB,0,1,1,0,0,0,0,0,0,0,2,0,0
SM-CJIXC,1,1,1,0,0,0,1,1,0,1,1,0,1
SM-CJIXD,0,0,1,1,0,1,0,0,0,2,1,1,0
SM-CJIXE,0,1,1,1,0,0,1,1,1,2,2,1,0
SM-CJIXG,0,0,2,1,0,1,0,0,0,1,2,1,0
SM-CJIXH,1,0,1,0,0,0,0,0,0,1,1,1,0
SM-CJIXI,0,0,1,1,0,0,0,1,0,2,0,0,0
SM-CJIXJ,0,1,2,0,1,0,0,1,0,2,1,0,0
SM-CJIXK,1,2,2,0,0,0,2,2,0,0,1,0,0
SM-CJIXL,2,1,0,0,0,0,1,2,1,2,1,2,0
SM-CJIXM,0,2,1,0,0,0,1,1,0,1,0,0,0
SM-CJIXO,0,0,1,0,0,0,0,0,0,0,1,1,0
SM-CJIXP,0,0,2,1,0,1,1,1,0,2,1,1,0
SM-CJIXQ,1,1,2,1,0,0,1,0,1,2,2,1,0
SM-CJIXR,0,1,1,1,1,0,1,1,1,2,2,1,0
SM-CJIXS,1,1,0,0,0,0,1,1,2,1,0,1,0
SM-CJIXT,1,2,0,0,0,0,0,0,0,1,0,1,0
SM-CJIXU,0,0,2,1,0,1,1,1,1,2,1,1,0
SM-CJIXV,1,0,1,0,0,0,1,1,1,2,2,0,0
SM-CJIXW,1,1,1,0,0,0,0,0,0,0,1,0,0
SM-CJIXX,0,0,2,0,0,0,1,1,1,2,1,1,0
SM-CJIXY,0,1,2,0,0,1,0,0,0,1,1,1,0
SM-CJIXZ,0,0,2,1,0,0,1,1,2,2,1,0,1
SM-CJIY1,0,2,1,1,1,0,0,0,1,2,2,1,0
SM-CJIY2,0,1,0,0,0,0,1,1,0,1,0,1,0
SM-CJIY3,0,1,2,1,1,0,2,1,0,2,1,1,0
SM-CJIY4,0,2,1,1,1,1,1,2,0,2,1,1,0
SM-CJIY5,1,1,2,0,0,0,0,0,0,2,1,1,0
SM-CJIY6,0,0,2,0,0,0,2,2,1,2,0,1,1
SM-CJIY7,1,0,1,0,1,0,1,1,1,0,1,0,1
SM-CJIY8,0,1,2,0,0,0,1,1,1,1,2,2,0
SM-CJIY9,0,1,2,0,1,1,1,1,0,2,1,0,0
SM-CJIYA,0,1,1,1,0,0,1,1,0,2,0,1,0
SM-CJIYB,0,1,2,0,0,0,1,1,0,2,1,0,0
SM-CJIYC,0,1,1,0,0,0,0,1,0,2,0,1,0
SM-CJIYD,0,1,0,0,0,0,0,0,1,2,1,0,0
SM-CJIYE,0,1,1,0,1,0,0,0,1,1,2,1,0
SM-CJIYF,1,1,2,0,0,0,2,2,0,1,0,1,0
SM-CJIYG,0,1,1,1,0,0,0,1,0,2,0,1,1
SM-CJIYH,1,0,1,0,1,1,0,0,0,2,1,1,0
SM-CJIYI,1,1,0,0,0,0,1,1,1,1,0,0,0
SM-CJIYJ,0,0,2,0,0,0,0,2,1,1,2,0,0
SM-CJIYK,0,1,1,0,0,0,0,0,2,2,1,0,0
SM-CJIYL,1,1,1,1,0,0,0,1,0,2,0,2,0
SM-CJIYM,1,2,1,1,0,0,0,0,0,1,0,0,0
SM-CJIYN,0,2,2,1,0,1,2,0,0,0,1,1,0
SM-CJIYP,0,2,1,0,1,1,1,0,0,2,1,0,1
SM-CJIYQ,1,1,0,1,0,0,1,1,1,1,0,1,0
SM-CJIYR,0,2,1,1,0,0,1,1,1,1,2,0,0
SM-CJIYU,1,1,0,0,0,0,0,0,0,0,1,1,0
SM-CJIYV,0,1,1,0,0,0,1,1,1,1,1,1,1
SM-CJIYW,0,2,2,0,0,0,2,2,1,1,0,0,0
SM-CJIYX,0,1,2,0,0,0,2,1,0,2,1,1,0
SM-CJIYY,0,1,2,0,0,0,1,1,2,2,0,1,0
SM-CJIYZ,0,1,2,2,0,0,0,0,1,2,2,1,1
SM-CJIZ1,1,1,1,0,0,0,1,1,1,2,1,0,0
SM-CJIZ4,0,2,2,1,0,0,2,2,1,2,1,1,0
SM-CJIZ5,0,0,1,1,0,0,1,1,1,2,2,0,0
SM-CJIZ8,0,1,2,0,1,1,1,1,0,1,2,1,0
SM-CJIZD,1,1,2,0,0,0,1,1,1,2,2,2,0
SM-CJIZF,0,2,1,0,0,0,0,0,0,0,1,1,0
SM-CJIZG,1,1,1,0,0,0,1,1,1,1,1,0,0
SM-CJIZH,1,1,2,0,0,0,0,0,2,0,1,2,0
SM-CJIZI,0,1,2,0,0,1,0,0,1,0,2,1,0
SM-CJIZJ,0,0,1,1,0,0,0,2,0,2,1,1,0
SM-CJIZK,1,0,2,1,1,0,0,2,0,1,2,1,0
SM-CJIZL,0,0,1,0,0,0,1,0,0,0,2,1,0
SM-CJIZM,0,0,2,1,0,0,2,2,0,2,2,0,0
SM-CJIZO,0,1,1,1,0,0,1,1,1,2,2,2,0
SM-CJIZP,0,1,1,1,1,1,0,1,0,2,1,2,0
SM-CJIZQ,0,2,0,0,0,0,0,1,0,2,1,0,0
SM-CJIZR,0,0,1,1,0,0,1,2,1,1,0,0,0
SM-CJIZS,0,0,0,0,0,1,0,0,0,2,0,0,0
SM-CJIZT,0,2,2,0,0,0,1,2,0,2,2,1,0
SM-CJIZV,0,1,1,0,0,0,1,0,0,1,1,0,0
SM-CJIZX,0,0,0,2,0,0,0,1,1,2,0,0,0
SM-CJIZY,2,2,2,0,1,0,1,1,2,2,1,0,1
SM-CJIZZ,1,0,1,1,0,0,0,0,0,1,1,0,0
SM-CJJ11,0,1,1,0,0,0,1,0,0,2,0,0,0
SM-CJJ12,0,0,1,0,1,0,1,1,2,1,2,2,0
SM-CJJ13,0,0,2,1,0,0,2,2,0,1,1,1,0
SM-CJJ14,1,0,1,0,1,0,1,0,0,1,1,1,0
SM-CJJ15,1,0,1,0,1,0,1,1,0,1,0,0,1
SM-CJJ16,0,1,2,0,0,0,1,1,0,1,1,0,0
SM-CJJ17,0,1,2,0,0,0,0,1,0,1,1,0,0
SM-CJJ18,0,0,1,1,1,0,1,1,0,0,0,1,0
SM-CJJ19,0,1,2,0,0,0,1,0,1,0,0,1,0
SM-CJJ1A,0,1,2,1,0,1,2,2,1,2,0,0,0
SM-CJJ1B,0,1,2,0,0,1,1,1,0,2,0,1,0
SM-CJJ1C,1,0,2,0,0,0,0,1,0,2,2,1,0
SM-CJJ1D,0,1,1,0,0,0,0,1,1,0,1,2,0
SM-CJJ1E,1,0,2,0,0,2,0,0,0,1,0,0,0
SM-CJJ1F,0,0,2,0,1,0,0,1,1,1,1,0,0
SM-CJJ1G,1,0,2,1,1,0,0,1,0,2,0,0,0
SM-CJJ1H,0,0,1,0,0,0,0,0,2,1,2,2,0
SM-CJJ1I,2,0,0,1,0,0,1,1,0,2,1,2,0
SM-CJJ1J,0,0,2,0,0,0,0,0,0,2,1,1,0
SM-CJJ1K,0,0,2,0,0,0,0,0,0,1,0,0,0
SM-CJJ1L,1,1,0,0,1,0,0,0,2,2,1,2,0
SM-CJJ1M,0,1,1,1,0,1,1,1,1,2,1,0,0
SM-CJJ1N,0,0,1,0,0,0,1,1,2,1,1,0,0
SM-CJJ1O,2,2,1,0,0,0,0,0,0,2,0,1,0
SM-CJJ1P,0,2,0,0,0,0,0,1,0,2,2,1,0
SM-CJJ1Q,0,2,2,0,1,0,2,1,0,0,2,2,0
SM-CJJ1R,0,0,2,0,0,0,1,1,1,2,1,0,0
SM-CJJ1S,0,1,1,1,1,1,1,1,1,1,1,0,0
SM-CJJ1T,2,2,1,0,1,0,1,1,0,2,1,2,0
SM-CJJ1U,0,1,1,0,0,0,0,1,0,2,2,2,1
SM-CJJ1W,0,0,2,0,0,0,0,0,0,2,0,0,0
SM-CJJ1X,1,2,2,1,0,0,0,2,1,2,0,0,0
SM-CJJ1Y,0,2,1,0,0,1,1,1,1,2,1,0,0
SM-CJJ1Z,0,0,2,1,0,1,1,0,0,2,0,0,0
SM-CJJ21,1,1,0,1,0,1,0,0,0,1,1,1,0
SM-CJJ22,0,1,1,0,0,0,0,0,0,2,0,1,0
SM-CJJ23,0,0,1,2,1,0,1,1,1,1,1,1,0
SM-CJJ24,1,2,1,0,0,0,0,1,1,2,0,0,0
SM-CJJ25,1,2,1,2,1,1,1,1,0,1,1,1,0
SM-CJJ26,1,1,1,1,0,0,2,2,0,2,0,1,1
SM-CJJ27,1,0,0,0,0,0,1,1,0,2,0,2,0
SM-CJJ28,2,0,2,1,0,0,0,0,0,2,0,0,1
SM-CJJ29,0,0,1,0,0,0,1,0,1,0,1,1,0
SM-CJJ2A,1,2,2,0,0,1,1,1,1,1,1,0,0
SM-CJJ2B,0,0,1,0,0,0,2,1,1,2,0,0,0
SM-CJJ2D,1,0,1,2,0,0,1,1,1,1,0,1,0
SM-CJJ2E,0,1,2,0,0,0,2,2,0,2,1,2,0
SM-CJJ2F,2,1,2,0,0,1,0,0,0,1,1,2,0
SM-CJJ2G,0,0,1,0,0,0,1,1,1,1,1,0,0
SM-CJJ2H,1,1,2,0,0,0,1,2,1,1,0,1,0
SM-CJJ2I,1,1,2,0,0,0,0,0,0,1,1,2,1
SM-CJJ2J,1,0,1,0,0,0,1,2,0,2,2,1,0
SM-CJJ2K,0,1,1,0,0,0,0,0,2,1,2,1,0
SM-CJJ2M,1,1,2,0,0,0,1,0,1,1,1,0,0
SM-CJJ2N,1,0,0,0,0,0,2,2,0,0,2,0,0
SM-CJJ2O,0,1,0,0,1,0,1,1,1,2,2,1,0
SM-CJJ2P,1,0,1,0,1,0,0,1,1,0,2,1,0
SM-CJJ2Q,0,0,1,1,0,1,1,0,1,2,0,0,0
SM-CJJ2R,0,0,0,0,1,0,0,0,1,2,2,0,0
SM-CJJ2S,1,1,2,0,0,0,1,1,1,1,2,2,0
SM-CJJ2T,0,2,1,0,0,0,1,1,0,1,1,0,0
SM-CJJ2U,0,1,1,1,0,0,1,1,2,1,1,0,0
SM-CJJ2V,0,1,1,1,0,0,0,0,1,0,2,0,0
SM-CJJ2X,0,1,1,0,0,0,0,0,0,2,1,0,0
SM-CJJ2Z,1,2,2,2,0,0,1,1,2,2,1,1,0
SM-CJJ31,1,0,1,0,1,1,1,0,0,1,0,2,0
SM-CJJ32,0,1,2,0,0,0,0,0,1,2,0,1,0
SM-CJJ33,0,1,2,1,0,0,0,0,0,2,1,0,1
SM-CJJ34,0,0,2,1,0,0,1,0,1,2,0,1,1
SM-CJJ35,1,2,1,0,0,1,1,0,0,2,1,0,0
SM-CJJ38,0,0,1,0,0,0,0,0,0,2,0,1,0
SM-CJK3B,1,1,2,1,1,0,0,1,1,0,1,2,0
SM-CJK3C,0,0,1,1,0,0,1,0,0,1,0,0,1
SM-CJK3D,1,2,0,0,0,0,0,0,0,1,0,1,0
SM-CJK3E,0,2,2,0,0,1,2,2,1,1,1,1,0
SM-CJK3F,1,0,2,1,0,0,0,0,1,0,0,0,0
SM-CJK3G,1,0,1,0,0,0,1,1,0,2,0,0,0
SM-CJK3I,0,0,2,0,0,0,1,0,0,1,1,0,0
SM-CJK3J,0,1,2,0,1,1,1,1,0,2,1,2,2
SM-CJK3K,1,1,2,0,0,0,2,2,0,1,2,0,1
SM-CJK3L,0,2,1,0,0,0,0,0,1,2,1,1,1
SM-CJK3O,2,2,1,0,1,0,0,0,1,2,1,0,0
SM-CJK3P,0,0,0,0,0,0,0,0,0,2,1,0,0
SM-CJK3R,0,2,2,0,0,0,0,1,1,0,1,1,0
SM-CJK3S,0,0,1,0,0,0,1,1,0,1,0,0,0
SM-CJK3T,2,0,2,1,1,0,0,0,1,1,0,0,0
SM-CJK3V,0,0,1,0,0,0,2,2,2,1,1,1,0
SM-CJK3W,0,0,2,0,0,0,1,1,1,1,0,1,0
SM-CJK3X,1,1,2,0,0,0,1,0,1,1,1,1,0
SM-CJK3Y,0,2,2,0,0,0,0,1,1,2,0,1,0
SM-CJK3Z,0,1,2,1,0,0,1,1,1,2,0,0,0
SM-CJK41,0,0,1,0,0,0,0,0,0,2,1,1,0
SM-CJK42,0,0,1,1,0,1,1,2,0,1,1,1,0
SM-CJK43,0,2,1,0,1,0,0,1,0,2,1,1,0
SM-CJK44,1,1,1,0,0,0,1,1,1,2,1,0,0
SM-CJK45,0,0,0,0,0,1,1,1,0,2,0,1,0
SM-CJK46,1,0,2,0,0,0,1,1,0,2,2,0,0
SM-CJK47,0,0,2,1,0,1,0,0,0,2,1,1,0
SM-CJK48,0,1,2,0,0,0,0,0,0,2,0,1,0
SM-CJK49,0,1,2,0,0,1,0,1,0,1,0,0,0
SM-CJK4A,1,1,2,1,0,0,2,1,2,1,1,0,1
SM-CJK4C,1,0,2,0,0,0,0,0,2,1,1,2,0
SM-CJK4G,2,2,1,1,0,1,0,0,1,2,1,2,0
SM-CJK4H,0,1,0,0,0,0,0,0,0,2,2,0,0
SM-CJK4I,0,0,2,1,0,0,0,1,0,1,0,1,0
SM-CJK4J,0,1,1,1,1,1,1,2,0,2,2,0,0
SM-CJK4L,1,1,2,1,0,0,1,1,0,1,0,2,0
SM-CJK4M,0,1,2,0,0,1,0,0,0,2,1,0,0
SM-CJK4N,0,1,1,0,0,0,1,1,1,2,2,2,0
SM-CJK4O,0,0,2,1,0,0,2,1,0,1,2,0,0
SM-CJK4P,0,2,1,0,0,0,1,1,0,0,1,0,0
SM-CJK4Q,1,0,0,0,1,1,1,1,0,2,2,0,0
SM-CJK4R,0,1,0,1,0,0,1,1,1,1,1,0,0
SM-CJK4S,0,2,1,0,0,1,2,2,1,1,1,1,0
SM-CJK4T,2,1,2,1,0,0,1,0,1,1,1,1,1
SM-CJK4U,0,0,2,0,0,2,0,0,0,2,2,0,1
SM-CJK4V,0,0,2,1,0,0,0,0,0,1,0,0,0
SM-CJK4W,0,1,2,1,0,0,1,0,0,1,2,0,0
SM-CJK4X,0,1,2,1,0,0,1,1,1,1,2,1,1
SM-CJK4Y,0,2,0,0,0,0,0,0,1,1,0,0,0
SM-CJK4Z,1,1,1,0,0,0,1,1,2,1,1,0,0
SM-CJK51,0,0,2,1,0,0,0,2,1,2,0,2,0
SM-CJK52,0,1,2,1,1,0,0,0,1,0,2,0,0
SM-CJK53,0,1,1,0,0,0,0,1,0,2,1,0,0
SM-CJK54,1,1,0,0,0,1,0,0,0,2,0,1,0
SM-CJK55,2,1,2,1,0,0,1,0,1,0,1,0,0
SM-CJK56,1,1,2,0,0,0,0,0,0,0,1,2,0
SM-CJK57,0,1,2,1,0,1,1,0,0,1,1,0,0
SM-CJK58,0,2,1,0,0,0,0,1,0,1,1,1,0
SM-CJK59,0,2,2,0,1,0,1,1,0,2,1,0,0
SM-CJK5A,0,1,0,1,0,0,0,0,0,0,2,1,0
SM-CJK5B,0,1,0,1,0,0,1,2,0,2,0,0,0
SM-CJK5C,1,0,2,0,0,0,1,1,0,2,0,1,0
SM-CJK5D,0,0,1,0,0,0,1,1,0,0,1,1,0
SM-CJK5E,0,0,0,0,0,0,0,1,1,2,0,1,1
SM-CJK5F,0,1,1,0,0,1,1,0,0,2,2,1,1
SM-CJK5G,0,0,1,0,0,1,1,1,1,1,0,1,0
SM-CJK5H,0,1,1,0,0,0,2,2,1,0,0,1,0
SM-CJK5I,0,1,2,1,0,0,0,1,1,2,0,1,0
SM-CJK5J,1,0,1,0,0,1,1,0,1,1,1,2,0
SM-CJK5K,0,1,1,1,0,0,1,1,0,1,2,0,0
SM-CJK5L,0,2,1,0,0,0,0,0,1,2,2,2,0
SM-CJK5N,0,1,1,0,1,0,1,1,0,1,0,1,0
SM-CJK5P,0,2,1,0,0,0,0,0,1,2,1,2,0
SM-CJK5Q,1,0,0,0,0,2,1,1,0,1,1,0,0
SM-CTDQE,0,0,1,0,0,0,1,1,0,1,0,1,0
SM-CTDQF,1,1,2,1,0,0,0,1,0,2,0,2,0
SM-CTDQG,0,0,2,1,0,0,0,0,0,1,2,1,0
SM-CTDQH,1,0,2,1,0,1,0,0,0,1,0,0,0
SM-CTDQI,0,2,1,0,0,0,2,2,1,2,0,0,0
SM-CTDQJ,1,1,0,1,0,0,1,2,0,1,1,1,0
SM-CTDQK,0,1,2,0,0,0,0,1,0,2,1,1,0
SM-CTDQL,0,2,2,0,0,0,0,1,0,1,0,1,0
SM-CTDQM,0,2,2,0,1,0,0,0,0,1,2,2,0
SM-CTDQN,0,0,2,0,0,0,2,2,1,1,0,1,0
SM-CTDQO,1,1,1,0,0,1,0,0,0,1,0,0,0
SM-CTDQP,0,0,2,0,0,0,0,0,0,2,1,1,0
SM-CTDQQ,0,2,2,0,1,0,1,2,0,1,1,1,0
SM-CTDQR,1,1,2,0,0,0,0,0,0,2,1,0,0
SM-CTDQS,0,0,1,0,0,0,2,1,0,2,1,0,0
SM-CTDQT,1,1,1,0,0,0,1,1,1,1,0,1,0
SM-CTDQU,1,0,2,0,1,0,0,0,1,1,1,1,0
SM-CTDQV,0,1,1,1,0,0,0,1,0,1,0,1,0
SM-CTDQW,0,1,1,1,0,0,0,0,2,1,0,0,0
SM-CTDQX,0,1,2,1,1,1,0,0,0,1,0,0,1
SM-CTDQY,0,1,2,0,0,0,2,1,0,0,0,0,0
SM-CTDQZ,1,1,2,1,0,0,0,0,1,1,0,1,0
SM-CTDR1,0,1,2,1,0,1,1,1,0,1,0,1,1
SM-CTDR2,0,0,1,0,1,0,1,1,0,1,1,1,0
SM-CTDR3,1,0,1,1,0,0,1,1,1,2,2,0,0
SM-CTDR4,0,1,1,0,0,0,1,2,0,1,2,0,0
SM-CTDR5,0,2,2,1,0,0,0,0,1,1,2,0,0
SM-CTDR6,1,0,1,1,0,0,1,2,0,2,0,1,0
SM-CTDR7,1,0,2,0,0,1,1,1,1,2,0,0,0
SM-CTDR8,0,1,2,1,0,1,1,2,0,1,1,0,0
SM-CTDR9,1,1,2,1,0,0,2,0,1,2,1,0,0
SM-CTDRA,0,1,2,1,1,1,0,0,0,1,1,1,0
SM-CTDRB,1,1,1,1,0,0,1,1,0,1,0,1,1
SM-CTDRC,0,0,2,1,0,0,1,2,0,1,2,0,0
SM-CTDRD,0,1,2,0,2,0,0,0,0,0,2,1,0
SM-CTDRE,0,1,2,1,0,0,1,0,1,2,0,1,0
SM-CTDRF,1,1,1,0,0,0,1,0,0,1,0,1,0
SM-CTDRG,0,0,0,0,0,0,1,2,1,2,0,0,0
SM-CTDRH,0,0,0,1,0,0,1,1,0,2,2,0,0
SM-CTDRI,0,1,2,0,0,0,1,1,1,2,0,0,1
SM-CTDRJ,0,0,2,1,0,0,0,0,0,2,1,1,0
SM-CTDRK,0,2,1,0,1,0,1,1,0,1,0,0,0
SM-CTDRL,2,1,1,0,0,1,1,1,1,2,1,1,0
SM-CTDRM,1,0,2,2,0,0,1,1,0,1,1,1,1
SM-CTDRN,2,1,0,1,1,0,2,1,0,2,1,1,1
SM-CTDRO,1,0,1,0,0,0,1,2,0,1,0,0,0
SM-CTDRP,1,1,1,0,0,2,1,2,1,1,2,0,0
SM-CTDRQ,0,0,1,1,0,1,0,1,0,2,1,0,0
SM-CTDRR,0,2,0,0,0,0,1,2,1,1,1,0,0
SM-CTDRS,0,0,2,1,1,1,2,2,1,2,0,0,0
SM-CTDRT,1,1,2,0,1,1,1,1,1,2,0,0,0
SM-CTDRU,0,1,2,0,0,0,1,0,1,1,1,0,1
SM-CTDRV,1,0,2,1,0,0,1,1,1,1,1,1,0
SM-CTDRW,0,1,2,0,0,2,1,1,1,2,1,1,0
SM-CTDRX,1,1,1,0,1,0,0,0,0,0,1,1,0
SM-CTDRY,0,2,0,1,0,0,0,0,1,1,2,1,0
SM-CTDRZ,1,1,0,0,0,0,0,1,1,2,1,1,0
SM-CTDS1,0,2,1,1,1,0,1,2,1,2,0,1,0
SM-CTDS2,2,1,2,0,0,0,2,2,0,2,0,1,0
SM-CTDS3,0,0,2,0,1,1,1,0,0,1,0,1,0
SM-CTDS4,0,0,0,1,0,0,1,1,1,2,1,0,0
SM-CTDS5,0,2,1,0,0,0,1,1,0,2,2,1,0
SM-CTDS6,1,2,0,0,0,0,1,1,0,0,0,2,0
SM-CTDS7,0,1,1,1,0,0,0,0,1,1,1,2,1
SM-CTDS8,0,2,2,0,0,0,1,1,1,2,0,0,0
SM-CTDS9,0,1,2,1,0,0,0,1,0,0,1,1,0
SM-CTDSA,2,1,2,0,0,0,1,1,0,0,0,0,0
SM-CTDSB,0,1,2,0,1,1,0,0,1,2,1,1,0
SM-CTDSC,0,1,1,0,1,0,0,0,1,1,0,0,0
SM-CTDSD,0,1,1,2,0,0,0,0,1,1,0,0,0
SM-CTDSF,0,1,2,0,0,0,0,1,1,1,1,1,0
SM-CTDSG,1,1,2,1,0,0,1,1,0,1,0,0,0
SM-CTDSH,1,0,2,0,0,0,0,1,1,2,1,1,1
SM-CTDSI,1,0,2,0,0,1,2,1,0,0,0,2,0
SM-CTDSJ,1,0,2,0,0,1,2,2,0,2,2,0,0
SM-CTDSK,0,2,1,0,1,0,1,1,0,0,1,1,0
SM-CTDSL,0,1,1,0,0,1,2,1,1,1,0,0,0
SM-CTDSM,0,1,0,1,0,0,1,1,0,2,0,1,0
SM-CTDSN,1,2,1,0,0,0,0,0,0,1,0,1,0
SM-CTDSO,0,0,2,0,0,1,2,1,0,1,1,1,0
SM-CTDSP,0,0,1,1,1,0,2,1,0,1,2,1,0
SM-CTDSR,1,0,0,0,0,0,0,0,0,1,0,0,0
SM-CTDSS,0,1,2,0,0,0,0,1,0,1,0,0,0
SM-CTDST,0,1,1,1,0,0,0,1,0,1,0,0,0
SM-CTDSU,0,0,2,0,1,0,0,0,0,2,1,1,0
SM-CTDSV,0,1,2,2,0,0,0,0,1,2,1,1,0
SM-CTDSW,1,1,2,0,0,0,1,1,0,2,1,1,0
SM-CTDSX,0,1,1,1,0,0,1,1,0,2,0,0,0
SM-CTDSY,0,1,0,0,0,0,0,0,0,1,1,0,0
SM-CTDSZ,0,0,1,0,0,0,2,2,0,1,1,0,0
SM-CTDT1,0,0,1,1,0,0,0,1,0,2,2,2,0
SM-CTDT2,0,0,1,0,0,1,2,1,0,2,0,2,0
SM-CTDT3,0,1,1,1,0,0,0,0,0,2,0,1,0
SM-CTDT4,0,1,1,1,0,0,1,1,1,2,2,0,0
SM-CTDT5,1,0,1,0,1,1,1,1,1,1,2,2,0
SM-CTDT6,1,2,1,0,0,0,0,1,0,2,1,0,1
SM-CTDT7,0,2,1,0,0,0,0,1,0,2,2,1,0
SM-CTDT8,1,0,1,1,0,1,1,0,0,1,1,1,0
SM-CTDT9,0,2,2,0,0,0,1,1,1,1,0,1,0
SM-CTDTA,0,1,2,1,0,1,1,1,0,1,2,0,0
SM-CTDTB,1,0,1,0,0,0,1,1,0,2,1,1,1
SM-CTDTD,2,0,1,2,0,1,0,0,0,2,1,2,0
SM-CTDTE,0,0,1,1,0,0,0,1,0,1,0,1,0
SM-CTDTF,0,0,0,0,0,0,1,1,0,1,1,1,0
SM-CTDTG,1,1,1,0,0,0,1,1,1,0,1,0,1
SM-CTDTH,2,1,2,1,0,0,1,2,0,1,0,2,0
SM-CTDTI,1,0,2,0,0,0,1,0,0,1,0,0,0
SM-CTDTJ,0,1,1,1,0,0,1,0,0,2,0,1,0
SM-CTDTK,0,1,1,1,1,0,0,0,0,1,0,2,0
SM-CTDTL,1,0,1,0,0,0,0,0,0,2,0,2,1
SM-CTDTM,0,1,0,1,1,0,1,1,0,1,2,0,0
SM-CTDTN,0,1,1,1,0,1,1,1,2,1,2,1,0
SM-CTDTO,1,0,0,0,0,0,1,1,1,2,1,0,0
SM-CTDTP,0,0,2,0,0,0,1,0,0,1,0,1,0
SM-CTDTQ,0,1,0,1,0,0,0,0,1,2,0,1,0
SM-CTDTR,0,0,2,0,0,1,0,1,0,2,1,0,0
SM-CTDTS,1,0,1,1,0,0,0,1,0,0,2,1,0
SM-CTDTT,1,1,2,0,0,0,0,0,1,1,1,2,0
SM-CTDTV,0,1,2,0,0,0,2,2,1,2,1,1,1
SM-CTDTW,0,0,2,0,0,1,2,1,1,1,2,0,0
SM-CTDTX,1,0,1,1,0,0,0,0,0,1,1,0,0
SM-CTDTY,1,0,2,1,0,0,1,2,1,2,0,0,0
SM-CTDTZ,0,1,1,0,0,0,2,1,1,1,1,1,0
SM-CTDU1,0,2,0,0,0,0,0,1,1,2,1,1,0
SM-CTDU2,0,1,1,0,0,0,1,1,0,1,1,1,0
SM-CTDU4,0,2,1,0,2,0,0,0,0,2,2,0,0
SM-CTDU5,0,1,1,1,0,1,0,0,2,1,0,1,0
SM-CTDU6,0,0,1,0,1,0,1,1,0,2,1,0,0
SM-CTDU7,0,1,2,0,0,1,0,1,1,1,1,2,0
SM-CTDU8,1,0,0,1,0,0,1,1,1,2,1,0,0
SM-CTDU9,0,0,2,0,0,1,0,2,0,2,1,1,0
SM-CTDUA,0,2,2,0,0,0,1,0,1,2,2,0,0
SM-CTDUB,2,1,2,0,0,0,0,0,0,1,1,0,0
SM-CTDUC,0,1,1,1,0,0,0,0,2,0,1,0,0
SM-CTDUD,0,1,1,1,0,0,0,0,1,2,1,0,0
SM-CTDUE,1,1,2,0,0,0,1,1,2,1,2,0,0
SM-CTDUF,0,0,1,0,0,0,2,2,1,1,1,0,0
SM-CTDUG,0,1,2,0,1,0,0,1,1,0,1,2,0
SM-CTDUH,0,1,1,0,0,0,0,0,0,1,0,1,0
SM-CTDUI,0,0,1,0,1,1,0,0,1,2,2,2,0
SM-CTDUJ,0,2,1,2,0,0,1,1,1,1,1,1,0
SM-CTDUK,0,0,1,0,0,0,1,0,2,1,2,1,0
SM-CTDUL,0,1,1,0,0,0,1,1,1,1,2,0,0
SM-CTDUM,0,0,2,1,1,0,1,1,1,2,1,2,0
SM-CTDUN,0,2,1,0,0,0,2,0,0,1,1,0,0
SM-CTDUO,1,0,1,1,0,0,0,0,1,1,1,1,0
SM-CTDUP,0,1,1,1,0,1,1,1,0,1,1,1,0
SM-CTDUQ,0,0,1,1,2,0,1,1,0,1,0,0,0
SM-CTDUR,1,1,2,0,0,0,1,1,0,1,1,0,0
SM-CTDUS,0,0,0,0,0,0,1,1,0,1,0,1,0
SM-CTDUT,1,0,2,0,0,0,0,0,2,2,1,1,0
SM-CTDUU,0,0,1,1,0,0,1,2,1,2,1,0,0
SM-CTDUV,0,1,1,1,0,0,1,1,0,2,0,0,0
SM-CTDUW,2,1,0,0,1,0,0,0,0,2,1,1,0
SM-CTDUX,1,0,1,2,0,0,1,1,0,2,0,1,0
SM-CTDUY,0,2,2,1,0,0,1,1,1,1,0,0,0
SM-CTDUZ,0,1,2,0,1,0,0,0,0,2,2,1,0
SM-CTDV1,1,1,1,1,0,0,1,1,0,1,1,1,0
SM-CTDV2,1,0,1,0,0,0,1,1,1,1,1,1,0
SM-CTDV3,1,0,1,1,0,1,2,1,1,2,1,2,0
SM-CTDV4,1,0,0,0,0,0,1,1,1,2,0,0,0
SM-CTDV5,0,1,2,0,1,0,2,2,2,1,1,0,0
SM-CTDV6,1,0,1,0,0,0,0,1,1,1,1,2,0
SM-CTDV7,0,2,2,0,0,0,1,1,1,2,0,1,0
SM-CTDV8,1,0,2,0,1,0,0,0,0,2,2,1,0
SM-CTDV9,1,0,1,1,0,0,0,0,1,2,0,0,0
SM-CTDVA,0,0,1,2,0,0,0,0,0,1,1,1,0
SM-CTDVB,1,1,0,0,0,0,0,0,1,1,1,1,0
SM-CTDVC,1,1,2,1,1,0,1,1,0,0,1,0,0
SM-CTDVD,1,1,0,0,0,1,0,0,0,1,1,1,0
SM-CTDVE,0,0,0,0,1,0,1,1,0,2,1,1,0
SM-CTDVF,1,1,2,1,0,1,2,1,0,1,1,2,0
SM-CTDVG,0,1,1,0,1,0,0,0,0,1,2,1,1
SM-CTDVH,1,0,1,0,0,0,1,1,1,2,2,0,0
SM-CTDVI,1,0,2,0,0,0,1,0,0,1,1,1,0
SM-CTDVJ,1,0,1,1,0,0,0,0,0,2,1,1,0
SM-CTDVK,0,0,2,1,0,0,1,1,1,2,1,1,0
SM-CTDVL,1,1,1,0,0,0,1,1,1,2,0,1,0
SM-CTDVM,0,0,2,2,0,0,0,0,1,1,1,0,0
SM-CTDVN,0,1,2,1,1,0,1,1,1,1,2,1,0
SM-CTDVO,0,0,2,1,0,0,0,1,1,2,2,0,0
SM-CTDVP,0,1,1,1,0,0,1,2,0,2,2,1,0
SM-CTDVR,1,1,1,2,0,0,1,1,0,1,2,1,2
SM-CTDVS,1,0,1,0,0,0,0,1,0,2,1,1,0
SM-CTECE,0,0,0,0,0,0,0,0,1,2,1,1,1
SM-CTECF,0,1,2,0,0,0,0,0,0,2,0,2,0
SM-CTECG,0,1,0,0,0,0,0,0,0,2,0,2,0
SM-CTECH,2,0,1,2,0,0,0,0,1,1,1,0,0
SM-CTECI,0,1,2,1,1,0,1,1,1,2,1,1,0
SM-CTECL,1,0,1,0,1,0,0,0,0,2,0,2,0
SM-CTECN,1,1,0,1,1,0,0,0,0,1,0,1,0
SM-CTECO,1,0,2,0,0,0,1,1,2,2,0,0,0
SM-CTECP,1,0,2,0,1,2,1,2,1,1,1,0,0
SM-CTECQ,0,0,1,1,0,0,1,1,0,0,2,0,0
SM-CTECR,1,1,2,1,0,0,0,0,0,0,1,0,0
SM-CTECS,0,0,0,0,0,0,1,1,1,1,1,0,0
SM-CTECT,0,0,2,0,0,1,1,2,1,1,1,1,0
SM-CTECU,1,0,2,1,0,0,1,1,0,1,2,1,0
SM-CTECV,0,2,2,0,0,0,1,1,0,2,2,1,0
SM-CTECW,0,0,1,0,0,0,1,1,1,2,1,0,0
SM-CTECX,1,2,1,0,0,0,1,1,0,2,0,0,0
SM-CTECY,0,0,2,0,1,0,0,0,0,1,1,1,0
SM-CTECZ,0,0,2,0,0,0,0,0,0,1,0,0,0
SM-CTED1,0,1,2,0,0,0,0,1,1,1,1,0,0
SM-CTED2,0,0,2,0,0,1,1,1,0,2,1,0,0
SM-CTED3,0,1,1,2,0,1,0,0,0,2,0,2,0
SM-CTED4,0,1,1,0,1,0,1,0,1,2,1,0,0
SM-CTED5,0,1,1,1,1,0,1,1,1,1,0,2,0
SM-CTED6,1,1,2,1,0,0,2,2,0,2,1,1,1
SM-CTED7,1,0,1,0,0,0,1,1,0,1,0,1,0
SM-CTED8,0,0,2,2,0,0,0,0,1,2,1,0,0
SM-CTED9,0,0,2,0,0,0,0,1,0,1,0,1,0
SM-CTEDA,0,0,2,0,0,1,0,1,0,2,1,1,0
SM-CTEDB,0,1,2,0,0,0,0,1,1,2,2,0,0
SM-CTEDC,1,1,2,0,0,0,0,0,1,2,1,0,0
SM-CTEDD,0,1,2,0,1,0,1,1,0,1,2,0,0
SM-CTEDE,0,1,1,0,0,0,1,1,1,0,1,1,0
SM-CTEDF,1,1,1,0,0,2,1,2,1,1,2,0,0
SM-CTEDG,1,0,1,0,0,0,1,1,0,2,0,1,0
SM-CTEDH,1,2,2,1,0,0,0,0,1,1,1,1,0
SM-CTEDK,0,1,2,0,0,0,0,0,2,2,1,1,0
SM-CTEDL,0,1,1,0,0,0,1,1,0,1,1,2,0
SM-CTEDM,2,0,2,0,0,0,1,2,0,1,1,1,0
SM-CTEDN,0,0,1,0,0,1,0,0,0,1,1,0,0
SM-CTEDO,1,1,1,0,1,0,1,1,1,2,0,2,0
SM-CTEDP,0,0,2,1,0,0,1,1,0,1,1,1,0
SM-CTEDQ,0,0,2,0,0,0,0,0,2,1,1,0,0
SM-CTEDR,0,1,2,0,1,0,0,0,0,1,1,1,1
SM-CTEDS,1,1,1,0,0,0,0,0,2,1,0,1,0
SM-CTEDU,2,2,1,0,1,0,0,1,0,2,2,0,0
SM-CTEDW,0,1,2,1,1,1,2,2,0,2,0,1,0
SM-CTEDY,1,0,1,1,0,0,1,1,1,2,0,0,0
SM-CTEDZ,1,1,1,0,0,0,0,2,1,1,1,0,0
SM-CTEE2,2,0,1,0,0,0,0,0,0,1,1,1,0
SM-CTEE3,0,1,1,0,0,1,0,1,2,1,1,2,0
SM-CTEE4,0,0,1,0,0,0,2,2,1,2,0,0,0
SM-CTEE5,0,0,1,1,0,0,2,2,0,1,0,0,0
SM-CTEE6,1,1,0,1,0,0,1,1,2,1,1,2,0
SM-CTEE7,0,1,1,0,1,0,0,1,0,1,0,0,0
SM-CTEE8,2,0,1,0,2,0,0,0,0,0,2,0,0
SM-CTEEA,1,0,1,1,0,0,1,2,0,2,1,2,0
SM-CTEEB,0,0,0,0,1,0,0,0,1,2,2,0,0
SM-CTEEC,1,0,0,0,1,0,1,0,1,2,1,0,0
SM-CTEED,0,1,2,0,0,0,0,0,0,2,0,0,0
SM-CTEEF,1,1,1,0,0,1,1,1,0,1,2,2,0
SM-CTEEG,1,0,0,0,1,0,0,0,0,2,1,2,0
SM-CTEEH,1,0,1,1,0,0,2,1,1,2,1,2,0
SM-CTEEI,0,0,1,0,0,0,0,1,0,2,1,1,0
SM-CTEEJ,0,0,1,0,0,1,0,0,2,1,2,0,1
SM-CTEEK,1,1,0,0,0,0,0,0,1,1,1,1,0
SM-CTEEL,0,2,2,0,0,1,1,0,1,2,1,0,0
SM-CTEEM,1,2,1,0,0,1,1,1,0,0,1,1,0
SM-CTEEN,0,0,1,0,1,0,1,2,1,1,0,2,0
SM-CTEEO,0,1,1,1,0,0,1,0,2,2,2,0,0
SM-CTEEP,1,1,1,0,0,0,1,1,2,2,0,0,1
SM-CTEEQ,0,0,0,0,0,0,0,0,2,1,0,1,0
SM-CTEER,1,2,0,0,0,0,0,0,0,0,1,0,0
SM-CTEET,1,0,2,0,0,0,1,1,0,1,1,0,1
SM-CTEEU,0,1,1,0,0,1,0,0,0,2,1,0,0
SM-CTEEV,0,0,2,2,0,1,0,0,0,2,1,1,0
SM-CTEEX,0,2,1,0,1,0,0,1,0,2,1,1,0
SM-CTEEY,0,0,2,0,0,0,2,1,0,2,1,0,2
SM-CTEEZ,1,0,2,1,0,0,1,1,0,1,1,0,0
SM-CTEF1,0,2,2,0,0,0,1,2,0,1,1,1,0
SM-CTEF2,2,2,2,1,0,0,0,0,0,1,1,0,0
SM-CTEF3,1,1,1,0,0,0,0,1,1,2,1,2,0
SM-CTEF4,1,2,2,0,1,0,0,1,1,2,1,0,0
SM-CTEF5,0,0,2,0,0,0,0,1,1,1,2,0,0
SM-CTEF7,0,2,1,0,0,0,0,0,1,2,1,2,0
SM-CTEF8,2,1,0,0,1,0,1,1,1,2,1,1,0
SM-CTEF9,1,1,2,1,0,0,0,0,1,1,0,2,0
SM-CTEFA,1,1,1,0,1,0,2,2,0,1,1,0,0
SM-CTEFB,0,1,2,0,0,0,2,1,0,2,0,0,0
SM-CTEFC,1,0,1,1,0,0,1,1,0,1,1,1,0
SM-CTEFD,1,0,2,0,0,0,0,1,0,2,1,2,0
SM-CTEFE,0,0,0,2,0,1,0,0,0,2,0,0,0
SM-CTEFF,0,0,0,1,0,2,0,1,0,1,2,1,0
SM-CTEFG,0,1,2,1,1,0,1,1,1,2,2,1,0
SM-CTEFH,1,1,0,0,0,0,1,1,0,2,1,0,0
SM-CTEFI,1,1,1,2,1,1,2,1,0,1,2,2,0
SM-CTEFJ,0,0,1,0,1,0,1,1,0,2,0,0,0
SM-CTEFK,0,0,2,0,0,0,0,1,0,1,1,1,0
SM-CTEFL,0,1,2,0,2,1,1,1,1,1,1,0,0
SM-CTEFM,1,0,1,0,0,0,0,0,0,0,1,1,0
SM-CTEFN,0,1,1,0,0,0,0,0,0,1,0,2,0
SM-CTEFO,1,1,0,1,0,0,1,1,1,2,2,1,0
SM-CTEFP,0,0,1,2,0,1,1,1,0,2,2,0,1
SM-CTEFQ,0,1,1,0,0,0,1,1,1,1,2,1,0
SM-CTEFR,0,0,2,0,0,0,0,1,1,1,1,0,0
SM-CTEFS,1,1,0,0,0,0,1,0,1,2,1,0,1
SM-CTEFT,0,2,1,0,1,0,0,0,0,1,1,0,0
SM-CTEFU,0,0,1,1,1,0,2,0,0,1,0,0,0
SM-CTEFV,0,1,2,0,0,0,1,1,1,1,2,0,0
SM-CTEFW,0,1,1,0,0,1,0,0,0,2,0,0,0
SM-CTEFX,0,1,1,1,0,0,1,1,0,2,2,1,0
SM-CTEFY,0,1,1,0,0,0,2,1,0,1,1,0,0
SM-CTEFZ,1,1,2,1,0,0,1,1,0,2,2,2,0
SM-CTEG1,0,2,2,0,0,0,2,2,1,2,1,1,0
SM-CTEG2,1,1,0,0,0,0,1,1,1,1,2,0,0
SM-CTEG3,0,2,1,0,1,0,2,2,0,0,1,1,0
SM-CTEG4,1,1,2,1,0,0,0,0,0,2,1,1,0
SM-CTEG5,0,0,2,2,0,1,2,1,0,1,0,2,0
SM-CTEG6,1,0,1,0,0,0,0,1,1,2,1,0,0
SM-CTEG7,0,0,1,1,1,0,1,1,0,1,0,0,0
SM-CTEG8,1,0,0,0,0,0,0,1,1,1,1,0,0
SM-CTEG9,0,1,2,0,1,0,1,0,1,1,2,0,0
SM-CTEGB,0,2,1,0,1,0,1,1,0,2,1,1,0
SM-CTEGC,0,2,1,0,0,0,0,1,1,0,2,1,0
SM-CTEGD,0,1,2,1,0,0,0,0,0,2,2,1,0
SM-CTEGE,0,1,1,0,0,0,1,1,0,2,1,1,1
SM-CTEGF,2,2,0,2,0,0,1,1,1,2,2,2,0
SM-CTEGG,1,1,1,0,0,0,0,0,0,1,0,0,0
SM-CTEGH,1,1,0,0,0,0,1,1,1,0,1,0,0
SM-CTEGI,0,1,1,0,0,0,1,1,0,2,1,0,0
SM-CTEGJ,0,0,1,1,0,0,1,0,2,1,1,1,0
SM-CTEGK,1,1,0,1,0,0,0,1,0,2,2,0,0
SM-CTEGL,0,1,1,0,0,0,0,0,1,0,1,1,1
SM-CTEGM,0,1,2,0,0,0,1,1,1,2,1,1,0
SM-CTEGN,1,0,1,1,1,0,0,0,0,2,0,1,0
SM-CTEGO,0,0,1,2,1,0,0,1,1,2,0,2,0
SM-CTEGP,0,1,2,1,0,0,1,1,2,2,0,0,0
SM-CTEGQ,0,0,1,0,0,1,1,1,1,2,0,1,0
SM-CTEGR,1,2,2,0,0,0,1,2,2,2,0,0,0
SM-CTEGS,1,1,2,0,0,0,1,1,1,1,1,0,0
SM-CTEGT,0,1,2,0,1,0,2,1,0,0,2,1,1
SM-CTEGU,1,1,1,0,0,1,0,1,1,2,1,1,0
SM-CTEGV,0,1,1,1,1,1,0,1,0,2,0,2,0
SM-CTEGW,1,2,1,0,0,0,0,0,0,1,1,2,0
SM-CTEGX,0,0,1,0,0,0,0,0,1,2,1,0,0
SM-CTEGY,1,1,2,0,0,0,1,1,0,1,0,0,0
SM-CTEGZ,0,1,0,1,1,0,1,1,2,2,2,2,0
SM-CTEI5,0,0,2,0,0,1,2,1,1,2,1,0,0
SM-CTEI6,0,0,2,0,0,0,0,0,0,2,1,0,0
SM-CTEI7,0,1,1,1,0,0,1,1,1,1,1,0,0
SM-CTEI8,0,2,0,0,0,0,0,0,1,1,0,0,0
SM-CTEI9,0,1,1,0,0,0,0,0,1,0,1,2,0
SM-CTEIA,1,0,2,0,1,0,0,0,1,2,1,1,0
SM-CTEIB,0,0,2,0,0,1,1,1,0,1,0,1,0
SM-CTEIC,0,1,0,0,0,0,0,0,0,1,0,1,0
SM-CTEID,0,2,1,1,0,1,0,0,1,1,1,1,0
SM-CTEIE,0,0,1,1,0,0,1,1,2,1,1,1,0
SM-CTEIG,2,1,2,1,1,0,0,1,1,2,0,0,0
SM-CTEIH,0,0,2,1,0,1,0,0,0,1,1,1,0
SM-CTEIJ,0,1,1,0,1,0,0,1,1,1,0,2,0
SM-CTEIK,0,0,1,0,1,0,0,0,0,2,0,1,0
SM-CTEIL,0,1,2,1,0,1,0,1,1,1,1,1,0
SM-CTEIO,1,1,2,0,0,1,2,2,0,1,1,0,0
SM-CTEIP,1,0,2,2,0,0,1,1,1,2,1,2,0
SM-CTEIQ,0,1,2,1,0,0,1,1,1,2,1,1,0
SM-CTEIR,0,0,2,1,0,0,1,1,0,2,2,0,0
SM-CTELS,0,0,2,1,0,0,2,2,1,2,2,1,0
SM-CTELT,0,1,2,0,0,0,1,1,0,1,1,1,0
SM-CTELU,1,0,1,1,0,0,0,0,1,2,2,0,0
SM-CTELV,1,1,2,1,0,0,0,0,0,1,1,1,0
SM-CTELW,1,1,1,0,0,1,0,1,1,2,1,1,0
SM-CTELX,1,0,2,0,0,0,2,2,1,1,1,0,0
SM-CTELY,0,2,0,2,0,0,0,1,0,2,1,0,0
SM-CTELZ,1,0,2,1,0,0,1,1,1,2,2,1,1
SM-CTEM1,1,1,0,0,1,1,1,0,1,1,0,1,0
SM-CTEM2,0,0,1,0,0,0,1,1,1,2,1,0,0
SM-CTEM3,0,0,0,0,0,0,0,1,0,2,1,0,0
SM-CTEM4,0,1,1,0,2,0,0,0,1,1,1,2,0
SM-CTEM5,1,0,0,0,0,1,1,0,0,2,1,0,0
SM-CTEM6,1,1,2,0,1,1,1,1,1,0,0,1,0
SM-CTEM8,1,0,1,2,1,0,0,1,0,2,0,1,0
SM-CTEM9,0,1,2,0,0,0,0,1,0,2,1,1,0
SM-CTEMB,0,0,0,0,0,0,1,1,2,1,0,0,0
SM-CTEMC,1,0,2,0,1,1,2,1,0,2,0,0,0
SM-CTEMD,1,0,1,1,1,1,1,1,0,0,1,2,0
SM-CTEME,1,1,1,0,0,0,1,2,1,1,2,0,0
SM-CTEMF,1,0,2,1,1,0,0,1,0,1,1,0,0
SM-CTEMG,0,0,1,0,1,0,1,2,1,1,0,0,0
SM-CTEMH,0,0,2,0,1,0,0,1,1,2,1,1,0
SM-CTEMI,1,2,2,0,0,1,1,1,1,2,1,0,0
SM-CTEMJ,1,0,1,1,0,0,1,1,1,1,0,1,0
SM-CTEMK,1,1,1,1,0,0,0,0,1,2,1,0,0
SM-CTEML,0,0,1,0,0,0,1,1,2,2,0,0,0
SM-CTEMM,1,0,1,1,0,0,1,2,0,1,2,2,0
SM-CTEMN,0,1,1,0,0,0,0,1,0,1,0,1,0
SM-CTEMO,0,0,1,1,0,0,1,1,0,0,0,0,1
SM-CTEMP,0,0,0,0,0,0,0,0,1,2,1,1,1
SM-CTEMQ,1,0,1,1,0,0,2,2,0,1,1,0,0
SM-CTEMR,1,1,1,1,0,0,1,1,1,2,1,2,0
SM-CTEMS,1,0,0,0,0,0,0,1,1,1,2,0,0
SM-CTEMT,0,1,1,0,0,0,2,0,0,2,2,0,0
SM-CTEMU,1,2,2,2,1,0,1,1,1,2,1,1,1
SM-CTEMW,1,0,1,0,0,0,0,1,1,1,1,1,0
SM-CTEMX,1,0,2,0,0,0,0,1,0,2,1,0,0
SM-CTEMY,0,1,1,1,0,1,2,2,2,2,1,0,0
SM-CTEMZ,0,1,1,0,0,2,1,1,2,2,1,2,0
SM-CTEN1,0,1,2,1,0,0,1,1,0,2,2,1,0
SM-CTEN2,0,0,2,2,0,0,1,0,1,1,1,0,0
SM-CTEN3,2,0,2,0,0,1,2,2,0,1,1,0,0
SM-CTEN4,0,1,1,0,0,0,1,1,0,2,1,1,1
SM-CTEN5,1,0,1,0,0,0,1,1,1,2,1,2,0
SM-CTEN6,0,0,1,1,0,0,0,0,2,2,1,0,0
SM-CTEN7,2,0,1,0,0,0,1,1,1,1,1,1,0
SM-CTEN8,0,1,0,1,0,1,0,0,2,0,1,1,1
SM-CTEN9,0,1,1,0,1,0,0,1,1,1,1,0,1
SM-CTENA,0,0,2,1,0,0,0,0,0,2,1,1,0
SM-CTENC,0,1,2,0,0,1,0,1,0,1,1,0,0
SM-CTEND,0,1,2,0,2,0,1,0,0,2,2,1,0
SM-CTENE,1,1,2,0,1,0,1,0,0,1,2,1,0
SM-CTENF,1,0,2,1,0,0,1,1,1,2,1,1,1
SM-CTENG,1,0,1,0,0,0,1,1,2,1,1,0,0
SM-CTENH,0,0,0,0,0,1,1,0,0,2,0,0,0
